-- phpMyAdmin SQL Dump
-- version 4.0.10.14
-- http://www.phpmyadmin.net
--
-- Host: localhost:3306
-- Generation Time: Nov 03, 2016 at 05:05 AM
-- Server version: 5.6.33
-- PHP Version: 5.6.20

SET SQL_MODE = "NO_AUTO_VALUE_ON_ZERO";
SET time_zone = "+00:00";


/*!40101 SET @OLD_CHARACTER_SET_CLIENT=@@CHARACTER_SET_CLIENT */;
/*!40101 SET @OLD_CHARACTER_SET_RESULTS=@@CHARACTER_SET_RESULTS */;
/*!40101 SET @OLD_COLLATION_CONNECTION=@@COLLATION_CONNECTION */;
/*!40101 SET NAMES utf8 */;

--
-- Database: `syner123_rlcafeteria`
--

-- --------------------------------------------------------

--
-- Table structure for table `breakfasts`
--

CREATE TABLE IF NOT EXISTS `breakfasts` (
  `id` int(11) NOT NULL AUTO_INCREMENT,
  `menu_id` int(11) NOT NULL,
  `status` int(1) NOT NULL DEFAULT '1',
  `created` datetime NOT NULL,
  `modified` datetime NOT NULL,
  PRIMARY KEY (`id`)
) ENGINE=InnoDB  DEFAULT CHARSET=latin1 AUTO_INCREMENT=69 ;

--
-- Dumping data for table `breakfasts`
--

INSERT INTO `breakfasts` (`id`, `menu_id`, `status`, `created`, `modified`) VALUES
(66, 27, 0, '2016-11-02 13:54:16', '2016-11-02 14:02:12'),
(67, 71, 1, '2016-11-02 13:55:50', '2016-11-02 13:55:50'),
(68, 27, 1, '2016-11-02 14:02:59', '2016-11-02 14:02:59');

-- --------------------------------------------------------

--
-- Table structure for table `dinners`
--

CREATE TABLE IF NOT EXISTS `dinners` (
  `id` int(11) NOT NULL AUTO_INCREMENT,
  `menu_id` int(11) NOT NULL,
  `status` int(1) NOT NULL DEFAULT '1',
  `created` datetime NOT NULL,
  `modified` datetime NOT NULL,
  PRIMARY KEY (`id`)
) ENGINE=InnoDB  DEFAULT CHARSET=latin1 AUTO_INCREMENT=33 ;

--
-- Dumping data for table `dinners`
--

INSERT INTO `dinners` (`id`, `menu_id`, `status`, `created`, `modified`) VALUES
(32, 11, 1, '2016-11-02 14:06:12', '2016-11-02 14:06:12');

-- --------------------------------------------------------

--
-- Table structure for table `lunches`
--

CREATE TABLE IF NOT EXISTS `lunches` (
  `id` int(11) NOT NULL AUTO_INCREMENT,
  `menu_id` int(11) NOT NULL,
  `status` int(1) NOT NULL DEFAULT '1',
  `created` datetime NOT NULL,
  `modified` datetime NOT NULL,
  PRIMARY KEY (`id`)
) ENGINE=InnoDB  DEFAULT CHARSET=latin1 AUTO_INCREMENT=53 ;

--
-- Dumping data for table `lunches`
--

INSERT INTO `lunches` (`id`, `menu_id`, `status`, `created`, `modified`) VALUES
(51, 11, 1, '2016-11-02 13:55:58', '2016-11-02 13:55:58'),
(52, 37, 1, '2016-11-02 13:56:15', '2016-11-02 13:56:15');

-- --------------------------------------------------------

--
-- Table structure for table `menus`
--

CREATE TABLE IF NOT EXISTS `menus` (
  `id` int(11) NOT NULL AUTO_INCREMENT,
  `title` varchar(255) NOT NULL,
  `description` text NOT NULL,
  `status` int(1) NOT NULL DEFAULT '1',
  `price` int(3) NOT NULL DEFAULT '0',
  `created` datetime NOT NULL,
  `modified` datetime NOT NULL,
  PRIMARY KEY (`id`)
) ENGINE=InnoDB  DEFAULT CHARSET=latin1 AUTO_INCREMENT=72 ;

--
-- Dumping data for table `menus`
--

INSERT INTO `menus` (`id`, `title`, `description`, `status`, `price`, `created`, `modified`) VALUES
(6, 'Chicken Adobo', '1. Chicken Adobo\r\n2. Rice', 0, 40, '2015-07-11 18:53:26', '2015-07-15 15:22:56'),
(7, 'Longsilog', '1. Longganisa\r\n2. Fried Rice / Plain Rice\r\n3. Egg', 1, 40, '2015-07-11 18:54:25', '2015-07-18 08:24:27'),
(9, 'Dinuguan', '1. Dinuguan\r\n2. Rice\r\n3. Soup\r\n4. Zesto drink', 0, 40, '2015-07-11 19:00:57', '2015-07-18 10:49:40'),
(10, 'Bread w/ Drinks', '1. Bread\r\n2. Zesto', 0, 40, '2015-07-12 04:00:29', '2015-07-18 10:49:28'),
(11, 'Fried Fish', '1. Fish\r\n2. Rice', 1, 40, '2015-07-12 04:01:23', '2015-07-18 08:24:50'),
(14, 'Corned Beef', '1. Corned Beef\r\n2. Egg\r\n3. Rice', 1, 40, '2015-07-15 15:34:38', '2015-07-22 21:55:41'),
(15, 'Chicken Tinola with Rice', '1. Chicken Tinola\r\n2. Plain Rice', 1, 40, '2015-07-15 15:38:08', '2015-07-18 08:25:10'),
(16, 'Pork Giniling with Rice', '1. Pork Giniling\r\n2. Rice', 1, 40, '2015-07-15 15:39:37', '2015-07-26 17:03:41'),
(17, 'Chicken Afritada with Rice', '1. Chicken Afritada\r\n2. Plain Rice', 1, 40, '2015-07-15 15:41:00', '2015-07-18 08:25:28'),
(18, 'Pork Adobo with Rice', '1. Pork Adobo\r\n2. Plain Rice', 1, 40, '2015-07-15 15:42:23', '2015-07-18 08:25:41'),
(21, 'Luncheon Meat', '1. Luncheon Meat\r\n2. Rice\r\n3. Egg', 1, 40, '2015-07-19 16:19:21', '2015-07-19 16:19:21'),
(22, 'Hotdog', '1. Hotdog\r\n2. Rice\r\n3. Egg', 1, 40, '2015-07-19 16:20:04', '2015-07-19 16:20:04'),
(23, 'Fried Chicken', '1. Fried Chicken\r\n2. Rice', 1, 40, '2015-07-19 16:26:20', '2015-07-20 11:46:17'),
(24, 'Pork Nilaga', '1. Pork Nilaga\r\n2. Rice\r\n', 1, 40, '2015-07-19 16:26:55', '2015-07-19 16:26:55'),
(25, 'Chicken Adobo', '1. Chicken Adobo\r\n2. Rice', 1, 40, '2015-07-19 16:27:34', '2015-07-19 16:27:34'),
(26, 'Pork Caldereta', '1. Pork Caldereta\r\n2. Rice', 1, 40, '2015-07-19 16:28:03', '2015-07-19 16:28:03'),
(27, 'Burger Patty', '1. Burger Patty\r\n2. Rice', 1, 40, '2015-07-20 21:14:44', '2016-11-02 14:02:30'),
(28, 'Skinless Longganisa', '1. Skinless Longganisa\r\n2. Egg\r\n3. Rice', 1, 40, '2015-07-20 21:15:45', '2015-07-20 21:15:45'),
(29, 'Chicken Estupado', '1. Chicken Estupado\r\n2. Rice', 1, 40, '2015-07-20 21:17:45', '2015-07-20 21:17:45'),
(30, 'Pork Mechado', '1. Pork Mechado\r\n2. Rice\r\n', 1, 40, '2015-07-20 21:18:37', '2015-07-20 21:18:37'),
(31, 'Grilled Chicken', '1. Grilled Chicken\r\n2. Rice', 1, 40, '2015-07-20 21:32:28', '2015-07-20 21:32:28'),
(32, 'Grilled Pork Chop', '1. Grilled Pork Chop\r\n2. Rice', 1, 40, '2015-07-20 21:34:05', '2015-07-20 21:34:05'),
(34, 'Ham', '1. Ham\r\n2. Egg\r\n3. Rice', 1, 40, '2015-07-22 05:25:14', '2015-07-22 05:25:14'),
(35, 'Cheese Dog', '1. Cheese Dog\r\n2. Egg\r\n3. Rice', 1, 40, '2015-07-22 05:27:30', '2015-07-22 05:27:30'),
(36, 'Chicken Barbecue', '1. Chicken Barbecue\r\n2. Rice', 1, 40, '2015-07-22 05:28:35', '2015-07-22 05:28:35'),
(37, 'Pork Sinigang', '1. Pork Sinigang\r\n2. Rice', 1, 40, '2015-07-22 05:29:18', '2015-07-22 05:29:18'),
(38, 'Chicken Curry', '1. Chicken Curry\r\n2. Rice', 1, 40, '2015-07-22 05:29:49', '2015-07-22 05:29:49'),
(39, 'Pork Steak', '1. Pork Steak\r\n2. Rice', 1, 40, '2015-07-22 05:31:03', '2015-07-22 05:31:03'),
(40, 'Longga Dog', '1. Longga Dog\r\n2. Egg\r\n3. Rice', 1, 40, '2015-07-22 21:53:09', '2015-07-22 21:53:09'),
(41, 'Ginataang Manok', '1. Ginataang Manok\r\n2. Rice', 1, 40, '2015-07-22 21:56:50', '2015-07-22 21:56:50'),
(42, 'Bicol Express', '1. Bicol Express\r\n2. Rice', 1, 40, '2015-07-22 21:57:42', '2015-07-22 21:57:42'),
(43, 'Lumpiang Shanghai', '1. Lumpiang Shanghai\r\n2. Rice', 1, 40, '2015-07-22 21:58:58', '2015-07-22 21:58:58'),
(44, 'Breaded Pork Chop', '1. Breaded Pork Chop\r\n2. Rice', 1, 40, '2015-07-22 21:59:37', '2015-07-22 21:59:37'),
(45, 'Barbeque Longganisa', '1. Barbeque Longganisa\r\n2. Egg\r\n3. Rice', 1, 40, '2015-07-24 05:49:08', '2015-07-24 05:49:08'),
(46, 'Chicken Caldereta', '1. Chicken Caldereta\r\n2. Rice', 1, 40, '2015-07-24 05:50:13', '2015-07-24 05:50:13'),
(47, 'Menudo', '1. Menudo\r\n2. Rice', 1, 40, '2015-07-24 05:50:57', '2015-07-24 05:50:57'),
(48, 'Pork Binagoongan', '1. Pork Binagoongan\r\n2. Rice', 1, 40, '2015-07-24 05:51:35', '2015-07-24 05:51:35'),
(49, 'Tocino', '1. Tocino\r\n2. Egg\r\n3. Rice', 1, 40, '2015-07-26 16:58:51', '2015-07-26 16:58:51'),
(50, 'Sweet and Sour Pork', '1. Sweet and Sour Pork\r\n2. Rice', 1, 40, '2015-07-26 17:00:59', '2015-07-26 17:00:59'),
(51, 'Sinampalokang Manok', '1. Sinampalokang Manok\r\n2. Rice', 1, 40, '2015-07-26 17:01:57', '2015-07-26 17:01:57'),
(52, 'Sweet Ham', '1. Sweet Ham\r\n2. Egg\r\n3. Rice', 1, 40, '2015-07-27 17:14:18', '2015-07-27 17:14:18'),
(53, 'Tuna Sandwich', '1. Tuna Sandwich', 1, 20, '2015-07-27 17:18:10', '2015-07-27 17:18:10'),
(54, 'Ham Sandwich', '1. Ham Sandwich', 1, 20, '2015-07-27 17:18:48', '2015-07-27 17:18:48'),
(55, 'Bacon Sandwich', '1. Bacon Sandwich', 1, 20, '2015-07-27 17:19:25', '2015-07-27 17:19:25'),
(56, 'Ginataan ', '1. Ginataan', 1, 20, '2015-07-27 17:20:10', '2015-07-27 17:20:10'),
(57, 'Dried Fish', '1. Dried Fish\r\n2. Egg\r\n3. Rice', 1, 40, '2015-07-28 17:58:06', '2015-07-28 17:58:06'),
(58, 'Hotdog Sandwich', '1. Hotdog Sandwich', 1, 20, '2015-07-28 18:00:18', '2015-07-28 18:00:18'),
(59, 'Pancit Bihon', '1. Pancit Bihon', 1, 20, '2015-07-28 18:01:16', '2015-07-28 18:01:16'),
(60, 'Longganisa Hamonado', '1. Longganisa Hamonado\r\n2. Egg\r\n3. Rice', 1, 40, '2015-07-29 18:32:08', '2015-07-29 18:32:08'),
(61, 'Lugaw with Egg', '1. Lugaw with Egg', 1, 20, '2015-07-29 18:34:34', '2015-07-29 18:34:34'),
(62, 'Pancit Bato', '1. Pancit Bato', 1, 20, '2015-07-29 19:28:33', '2015-07-29 19:28:33'),
(63, 'Smoked Hamonado Longganisa', '1. Smoked Hamonado Longganisa\r\n2. Rice\r\n3. Egg', 1, 40, '2015-07-30 19:13:27', '2015-07-30 19:13:27'),
(64, 'Pizza Bread', '1. 2 pcs PIzza Bread', 1, 20, '2015-07-30 19:20:20', '2015-07-30 19:21:41'),
(65, 'Igado', '1. Igado\r\n2. Rice', 1, 40, '2015-07-31 22:25:04', '2015-07-31 22:25:04'),
(66, 'Chopsuey', '1. Chopsuey\r\n2. Rice', 1, 40, '2015-08-02 10:04:11', '2015-08-02 10:04:11'),
(67, 'Burger', '1. Burger', 1, 20, '2015-08-02 10:09:55', '2015-08-02 10:09:55'),
(68, 'Inihaw na Liempo', '1. Inihaw na Liempo\r\n2. Rice', 1, 40, '2015-08-04 19:27:15', '2015-08-04 19:31:40'),
(69, 'Stir-fry Bean Sprout with Pork', '1. Stir-fry Bean Sprout with Pork\r\n2. Rice', 1, 40, '2015-08-05 23:51:16', '2015-08-05 23:53:32'),
(70, 'Champorado', '1. Champorado', 1, 20, '2016-11-02 13:52:52', '2016-11-02 13:52:52'),
(71, 'Smoked Garlic Longganisa', '1. Rice\r\n2. Smoke Garlic Longganisa', 1, 40, '2016-11-02 13:55:29', '2016-11-02 13:55:29');

-- --------------------------------------------------------

--
-- Table structure for table `midnight_snacks`
--

CREATE TABLE IF NOT EXISTS `midnight_snacks` (
  `id` int(11) NOT NULL AUTO_INCREMENT,
  `menu_id` int(11) NOT NULL,
  `status` int(1) NOT NULL DEFAULT '1',
  `created` datetime NOT NULL,
  `modified` datetime NOT NULL,
  PRIMARY KEY (`id`)
) ENGINE=InnoDB  DEFAULT CHARSET=latin1 AUTO_INCREMENT=8 ;

--
-- Dumping data for table `midnight_snacks`
--

INSERT INTO `midnight_snacks` (`id`, `menu_id`, `status`, `created`, `modified`) VALUES
(7, 54, 1, '2016-11-02 14:06:24', '2016-11-02 14:06:24');

-- --------------------------------------------------------

--
-- Table structure for table `orders`
--

CREATE TABLE IF NOT EXISTS `orders` (
  `id` int(11) NOT NULL AUTO_INCREMENT,
  `user_id` int(11) NOT NULL,
  `employee` varchar(255) NOT NULL,
  `status` int(1) NOT NULL DEFAULT '1',
  `breakfast_id` int(11) NOT NULL,
  `lunch_id` int(11) NOT NULL,
  `snack_id` int(11) NOT NULL,
  `dinner_id` int(11) NOT NULL,
  `midnight_snack_id` int(10) NOT NULL DEFAULT '0',
  `created` datetime NOT NULL,
  `modified` datetime NOT NULL,
  PRIMARY KEY (`id`)
) ENGINE=InnoDB  DEFAULT CHARSET=latin1 AUTO_INCREMENT=1043 ;

--
-- Dumping data for table `orders`
--

INSERT INTO `orders` (`id`, `user_id`, `employee`, `status`, `breakfast_id`, `lunch_id`, `snack_id`, `dinner_id`, `midnight_snack_id`, `created`, `modified`) VALUES
(185, 7, 'Ron John Villanueva', 0, 31, 0, 0, 14, 0, '2015-07-21 08:41:10', '2015-07-22 09:34:58'),
(186, 7, 'Maylyn Loteyro', 0, 32, 0, 0, 13, 0, '2015-07-21 08:41:38', '2015-07-22 09:34:54'),
(187, 7, 'Francisco Gonzalez Jr.', 0, 32, 0, 0, 13, 0, '2015-07-21 09:34:26', '2015-07-22 09:34:51'),
(188, 7, 'Roselyn Inacay', 0, 32, 19, 0, 0, 0, '2015-07-21 09:35:16', '2015-07-22 09:34:41'),
(189, 7, 'Ryan Inacay', 0, 32, 18, 0, 0, 0, '2015-07-21 09:36:36', '2015-07-22 09:34:49'),
(193, 7, 'Marco Edward Calilao', 0, 31, 18, 0, 0, 0, '2015-07-21 11:38:33', '2015-07-22 09:34:46'),
(194, 7, 'Maria Jesusa Donna Nuyles', 0, 32, 19, 0, 0, 0, '2015-07-21 11:38:52', '2015-07-22 09:34:44'),
(195, 7, 'Marjorie Jane Javellana', 0, 32, 18, 0, 0, 0, '2015-07-21 11:39:09', '2015-07-22 09:34:38'),
(196, 7, 'Annie Rose Datun', 0, 32, 19, 0, 0, 0, '2015-07-21 11:39:20', '2015-07-22 09:33:50'),
(197, 7, 'Edelyn Ajero', 0, 32, 19, 0, 0, 0, '2015-07-21 11:39:40', '2015-07-22 09:34:35'),
(198, 7, 'Rey-An Llaguno', 0, 31, 18, 0, 0, 0, '2015-07-21 11:39:53', '2015-07-22 09:33:46'),
(199, 7, 'Leny Rejuso', 0, 32, 19, 0, 0, 0, '2015-07-21 11:40:13', '2015-07-22 09:33:43'),
(200, 7, 'Michael Kim Silot', 0, 32, 19, 0, 0, 0, '2015-07-21 11:40:31', '2015-07-22 09:33:53'),
(201, 7, 'Mae Bartolabac', 0, 31, 19, 0, 0, 0, '2015-07-21 11:40:47', '2015-07-22 09:33:40'),
(202, 7, 'Krisna Miranda', 0, 32, 18, 0, 0, 0, '2015-07-21 11:41:04', '2015-07-22 09:34:32'),
(203, 7, 'Juvynel Luzon', 0, 31, 18, 0, 0, 0, '2015-07-21 11:41:22', '2015-07-22 09:34:29'),
(204, 7, 'Cyril Alpajaro', 0, 31, 19, 0, 0, 0, '2015-07-21 11:41:38', '2015-07-22 09:34:26'),
(207, 4, 'Nia Kristel Adrales', 0, 0, 0, 0, 18, 0, '2015-07-21 11:45:59', '2015-07-21 11:46:25'),
(208, 4, 'Saturnino Adrales', 0, 0, 16, 0, 18, 0, '2015-07-21 11:47:43', '2015-07-21 11:47:47'),
(209, 4, 'Mark Sevillano', 0, 0, 19, 0, 0, 0, '2015-07-21 11:51:10', '2015-07-22 09:33:17'),
(210, 4, 'Richard Banta', 0, 0, 18, 0, 0, 0, '2015-07-21 11:51:30', '2015-07-22 09:32:39'),
(211, 4, 'Mave Rick Villar', 0, 0, 19, 0, 0, 0, '2015-07-21 11:52:11', '2015-07-22 09:32:34'),
(212, 4, 'Rhea Benitez', 0, 0, 19, 0, 0, 0, '2015-07-21 11:52:38', '2015-07-22 09:32:13'),
(213, 8, 'Jesabel Mangampo', 0, 32, 19, 0, 0, 0, '2015-07-21 13:03:28', '2015-07-22 09:32:10'),
(214, 8, 'Alex Bartolata', 0, 31, 18, 0, 0, 0, '2015-07-21 13:03:50', '2015-07-22 09:31:17'),
(215, 8, 'Jason Bande', 0, 31, 19, 0, 0, 0, '2015-07-21 13:04:14', '2015-07-22 09:34:23'),
(216, 8, 'Ruben Bajaro', 0, 32, 19, 0, 0, 0, '2015-07-21 13:04:37', '2015-07-21 13:04:45'),
(217, 8, 'Ruben Bajaro', 0, 32, 19, 0, 14, 0, '2015-07-21 13:05:32', '2015-07-22 09:33:28'),
(218, 8, 'Jason Llarena', 0, 32, 19, 0, 0, 0, '2015-07-21 13:12:42', '2015-07-22 09:33:33'),
(219, 10, 'Mikee', 0, 0, 19, 0, 0, 0, '2015-07-21 14:16:17', '2015-07-22 09:33:23'),
(220, 10, 'Guia', 0, 0, 19, 0, 0, 0, '2015-07-21 14:17:10', '2015-07-22 09:33:23'),
(221, 9, 'Mark Vargas', 0, 0, 18, 0, 0, 0, '2015-07-21 14:21:19', '2015-07-22 09:33:20'),
(222, 9, '', 0, 0, 18, 0, 0, 0, '2015-07-21 14:22:48', '2015-07-21 14:22:54'),
(223, 10, 'Isma', 0, 0, 19, 0, 0, 0, '2015-07-21 14:23:01', '2015-07-22 09:33:31'),
(224, 9, 'Ramil Moral', 0, 0, 18, 0, 0, 0, '2015-07-21 14:25:20', '2015-07-22 09:33:36'),
(225, 10, 'Evan', 0, 0, 19, 0, 0, 0, '2015-07-21 14:28:01', '2015-07-22 09:32:59'),
(226, 10, 'Josef', 0, 31, 0, 0, 0, 0, '2015-07-21 14:32:32', '2015-07-22 09:33:15'),
(227, 10, 'Joanne', 0, 31, 0, 0, 0, 0, '2015-07-21 14:32:40', '2015-07-22 09:33:15'),
(228, 10, 'Alex', 0, 0, 19, 0, 0, 0, '2015-07-21 14:54:46', '2015-07-22 09:33:08'),
(229, 0, 'Lomeriano Pajes', 0, 32, 19, 0, 0, 0, '2015-07-21 15:50:31', '2015-07-22 09:33:05'),
(230, 8, 'Lomeriano Pajes', 0, 32, 19, 0, 0, 0, '2015-07-21 15:51:09', '2015-07-22 09:33:02'),
(231, 8, 'Christian Menes', 0, 0, 0, 0, 14, 0, '2015-07-21 15:51:23', '2015-07-22 09:32:52'),
(232, 8, 'Sharlon De Lumen', 0, 32, 19, 0, 0, 0, '2015-07-21 15:51:43', '2015-07-22 09:32:49'),
(233, 10, 'Johnel', 0, 0, 19, 0, 0, 0, '2015-07-21 16:04:17', '2015-07-22 09:32:46'),
(234, 10, 'Venus', 0, 0, 19, 0, 0, 0, '2015-07-21 16:04:25', '2015-07-22 09:32:43'),
(235, 10, 'Venus', 0, 0, 21, 0, 0, 0, '2015-07-22 09:26:40', '2015-07-22 22:06:40'),
(236, 10, 'Johnel', 0, 0, 21, 0, 0, 0, '2015-07-22 09:36:05', '2015-07-22 22:06:11'),
(237, 10, 'Julie', 0, 0, 21, 0, 0, 0, '2015-07-22 09:36:14', '2015-07-22 22:06:24'),
(238, 10, 'Guia', 0, 0, 21, 0, 0, 0, '2015-07-22 09:38:29', '2015-07-22 22:05:53'),
(239, 10, 'Mikee', 0, 0, 21, 0, 0, 0, '2015-07-22 09:38:35', '2015-07-22 22:06:21'),
(240, 10, 'Sherry', 0, 0, 20, 0, 0, 0, '2015-07-22 09:38:42', '2015-07-22 22:06:06'),
(241, 10, 'William', 0, 0, 21, 0, 0, 0, '2015-07-22 09:38:55', '2015-07-22 22:05:55'),
(242, 10, 'Isma', 0, 0, 21, 0, 0, 0, '2015-07-22 09:40:03', '2015-07-22 22:05:44'),
(243, 10, 'Alex', 0, 0, 20, 0, 0, 0, '2015-07-22 09:45:37', '2015-07-22 22:05:47'),
(244, 10, 'Josef', 0, 34, 0, 0, 0, 0, '2015-07-22 10:20:21', '2015-07-22 22:05:42'),
(245, 10, 'Joanne', 0, 35, 0, 0, 0, 0, '2015-07-22 10:20:28', '2015-07-22 22:05:39'),
(246, 10, 'Quartz', 0, 0, 21, 0, 0, 0, '2015-07-22 11:06:33', '2015-07-22 22:05:36'),
(247, 4, 'Nia Kristel Adrales', 0, 0, 0, 0, 15, 0, '2015-07-22 11:15:50', '2015-07-22 22:05:50'),
(248, 4, 'Saturnino Adrales', 0, 0, 21, 0, 16, 0, '2015-07-22 11:16:14', '2015-07-22 22:05:32'),
(249, 4, 'Rhea Benitez', 0, 0, 21, 0, 0, 0, '2015-07-22 11:16:43', '2015-07-22 22:05:26'),
(250, 4, 'Elmer Arana', 0, 0, 20, 0, 0, 0, '2015-07-22 11:17:05', '2015-07-22 22:05:34'),
(251, 4, 'Mave Rick Villar', 0, 0, 20, 0, 0, 0, '2015-07-22 11:17:51', '2015-07-22 22:05:29'),
(252, 4, 'Mark Sevillano', 0, 0, 20, 0, 0, 0, '2015-07-22 11:18:04', '2015-07-22 22:05:05'),
(253, 4, 'Richard Banta', 0, 0, 20, 0, 0, 0, '2015-07-22 11:21:58', '2015-07-22 22:06:16'),
(254, 7, 'Ryan Inacay', 0, 34, 20, 0, 0, 0, '2015-07-22 11:34:29', '2015-07-22 22:05:03'),
(255, 7, 'Maylyn Loteyro', 0, 34, 0, 0, 16, 0, '2015-07-22 11:36:28', '2015-07-22 22:05:00'),
(256, 10, 'Evan', 0, 0, 21, 0, 0, 0, '2015-07-22 11:42:30', '2015-07-22 22:04:11'),
(257, 7, 'Francisco Gonzalez Jr.', 0, 35, 0, 0, 16, 0, '2015-07-22 11:44:58', '2015-07-22 22:04:09'),
(258, 7, 'Roselyn Inacay', 0, 35, 21, 0, 0, 0, '2015-07-22 11:45:21', '2015-07-22 22:04:07'),
(259, 10, 'Jonats', 0, 0, 21, 0, 0, 0, '2015-07-22 11:46:12', '2015-07-22 22:04:04'),
(260, 10, 'Christian', 0, 0, 21, 0, 0, 0, '2015-07-22 11:46:19', '2015-07-22 22:04:02'),
(261, 7, 'Marco Edward Calilao', 0, 35, 20, 0, 0, 0, '2015-07-22 12:00:56', '2015-07-22 22:03:58'),
(262, 7, 'Maria Jesusa Donna Nuyles', 0, 34, 21, 0, 0, 0, '2015-07-22 12:01:06', '2015-07-22 22:03:50'),
(263, 7, 'Leny Rejuso', 0, 35, 21, 0, 0, 0, '2015-07-22 12:01:23', '2015-07-22 22:03:54'),
(264, 7, 'Rey-An Llaguno', 0, 35, 21, 0, 0, 0, '2015-07-22 12:01:36', '2015-07-22 22:03:45'),
(265, 7, 'Annie Rose Datun', 0, 35, 21, 0, 0, 0, '2015-07-22 12:01:49', '2015-07-22 22:03:42'),
(266, 7, 'Edelyn Ajero', 0, 35, 21, 0, 0, 0, '2015-07-22 12:01:58', '2015-07-22 22:03:48'),
(267, 7, 'Michael Kim Silot', 0, 35, 21, 0, 0, 0, '2015-07-22 12:02:12', '2015-07-22 22:04:57'),
(268, 7, 'Marjorie Jane Javellana', 0, 35, 21, 0, 0, 0, '2015-07-22 12:02:54', '2015-07-22 22:03:33'),
(269, 7, 'Krisna Miranda', 0, 34, 20, 0, 0, 0, '2015-07-22 12:06:35', '2015-07-22 22:03:36'),
(270, 7, 'Mae Bartolabac', 0, 34, 20, 0, 0, 0, '2015-07-22 12:07:30', '2015-07-22 22:03:30'),
(271, 7, 'Juvynel Luzon', 0, 35, 21, 0, 0, 0, '2015-07-22 12:07:47', '2015-07-22 22:03:40'),
(272, 7, 'Ray Ian Ravis', 0, 35, 0, 0, 16, 0, '2015-07-22 12:08:57', '2015-07-22 22:03:28'),
(273, 7, 'Cyril Alpajaro', 0, 35, 20, 0, 0, 0, '2015-07-22 12:12:26', '2015-07-22 22:03:25'),
(274, 7, 'Ron John Villanueva', 0, 34, 0, 0, 15, 0, '2015-07-22 14:46:59', '2015-07-22 22:03:22'),
(275, 6, 'Richard Alamer', 0, 0, 21, 0, 0, 0, '2015-07-22 16:39:41', '2015-07-22 22:03:19'),
(276, 6, 'Justin Belga', 0, 0, 21, 0, 0, 0, '2015-07-22 16:40:48', '2015-07-22 22:03:14'),
(277, 6, 'Joshua Ruiz', 0, 0, 21, 0, 0, 0, '2015-07-22 16:41:30', '2015-07-22 22:03:07'),
(278, 8, 'Jesabel Mangampo', 0, 34, 21, 0, 0, 0, '2015-07-22 18:28:12', '2015-07-22 22:02:59'),
(279, 8, 'Alexandria Bartolata', 0, 34, 21, 0, 0, 0, '2015-07-22 18:28:40', '2015-07-22 18:28:45'),
(280, 8, 'Alexandria Bartolata', 0, 35, 20, 0, 0, 0, '2015-07-22 18:28:56', '2015-07-22 22:03:04'),
(281, 8, 'Mer Pajes', 0, 35, 21, 0, 0, 0, '2015-07-22 18:30:01', '2015-07-22 22:02:39'),
(282, 8, 'Jhonson (Jayson)', 0, 34, 21, 0, 0, 0, '2015-07-22 18:32:53', '2015-07-22 22:02:36'),
(283, 8, 'Jayson (Repo)', 0, 35, 21, 0, 0, 0, '2015-07-22 18:33:10', '2015-07-22 22:02:33'),
(284, 8, 'Ruben Bajaro', 0, 35, 21, 0, 15, 0, '2015-07-22 18:34:06', '2015-07-22 22:02:30'),
(285, 8, 'Sherwin De Lumen', 0, 34, 21, 0, 15, 0, '2015-07-22 18:34:24', '2015-07-22 22:02:26'),
(286, 8, 'Christian Menes', 0, 0, 0, 0, 16, 0, '2015-07-22 18:35:38', '2015-07-22 22:02:23'),
(287, 10, 'Julie', 0, 0, 22, 0, 0, 0, '2015-07-23 08:25:38', '2015-07-23 15:13:23'),
(288, 10, 'Quartz', 0, 0, 22, 0, 0, 0, '2015-07-23 08:25:45', '2015-07-24 07:27:56'),
(289, 10, 'Venus', 0, 0, 23, 0, 0, 0, '2015-07-23 08:26:24', '2015-07-24 07:27:53'),
(290, 10, 'Johnel', 0, 0, 23, 0, 0, 0, '2015-07-23 08:28:25', '2015-07-24 07:27:50'),
(291, 8, 'Jesabel Mangampo', 0, 36, 23, 0, 0, 0, '2015-07-23 08:32:26', '2015-07-24 07:27:47'),
(292, 8, 'Alex Bartolata', 0, 38, 22, 0, 0, 0, '2015-07-23 08:32:50', '2015-07-24 07:27:45'),
(293, 8, 'Jason Llarena', 0, 38, 22, 0, 0, 0, '2015-07-23 08:33:12', '2015-07-24 07:27:42'),
(294, 8, 'Jason Bande', 0, 38, 22, 0, 0, 0, '2015-07-23 08:44:40', '2015-07-24 07:27:38'),
(295, 7, 'Erwin Ryan Inacay', 0, 36, 23, 0, 0, 0, '2015-07-23 09:36:10', '2015-07-23 09:36:27'),
(296, 7, 'Erwin Ryan Inacay', 0, 36, 23, 0, 0, 0, '2015-07-23 09:36:40', '2015-07-24 07:27:36'),
(297, 7, 'Kristine Gonzalez', 0, 38, 0, 0, 0, 0, '2015-07-23 09:44:12', '2015-07-24 07:27:33'),
(298, 7, 'Ron John Villanueva', 0, 36, 0, 0, 18, 0, '2015-07-23 10:49:14', '2015-07-24 07:27:30'),
(299, 10, 'Guia', 0, 0, 22, 0, 0, 0, '2015-07-23 10:53:39', '2015-07-24 07:27:27'),
(300, 10, 'Mikee', 0, 0, 23, 0, 0, 0, '2015-07-23 10:53:54', '2015-07-24 07:27:23'),
(301, 10, 'William', 0, 0, 22, 0, 0, 0, '2015-07-23 10:59:09', '2015-07-24 07:27:19'),
(302, 10, 'William', 0, 0, 22, 0, 0, 0, '2015-07-23 10:59:09', '2015-07-23 15:12:13'),
(303, 10, 'Evan', 0, 0, 23, 0, 0, 0, '2015-07-23 11:00:11', '2015-07-24 07:27:16'),
(304, 7, 'Ray Ian Raviz', 0, 36, 0, 0, 18, 0, '2015-07-23 11:02:22', '2015-07-24 07:27:13'),
(305, 10, 'Isma', 0, 0, 23, 0, 0, 0, '2015-07-23 11:02:31', '2015-07-24 07:27:11'),
(306, 7, 'Maylyn Loteyro', 0, 38, 0, 0, 18, 0, '2015-07-23 11:02:34', '2015-07-24 07:27:09'),
(307, 4, 'Mark Sevillano', 0, 0, 23, 0, 0, 0, '2015-07-23 11:38:30', '2015-07-24 07:27:06'),
(308, 4, 'Mave Rick Villar', 0, 28, 23, 10, 17, 0, '2015-07-23 11:38:41', '2015-07-24 07:27:02'),
(309, 4, 'Richard Banta', 0, 0, 23, 0, 0, 0, '2015-07-23 11:38:53', '2015-07-24 07:26:59'),
(310, 4, 'Rhea Benitez', 0, 0, 23, 0, 0, 0, '2015-07-23 11:39:02', '2015-07-24 07:26:56'),
(311, 4, 'Elmer Arana', 0, 28, 23, 10, 18, 0, '2015-07-23 11:39:17', '2015-07-24 07:26:53'),
(312, 4, 'Jordan Muyna', 0, 0, 23, 0, 0, 0, '2015-07-23 11:40:39', '2015-07-24 07:26:51'),
(313, 7, 'Marco Edward Calilao', 0, 38, 22, 0, 0, 0, '2015-07-23 11:42:26', '2015-07-24 07:26:48'),
(314, 7, 'Maria Jesusa Donna Nuyles', 0, 38, 23, 0, 0, 0, '2015-07-23 11:42:40', '2015-07-24 07:26:45'),
(315, 7, 'Marjorie Jane Javellana', 0, 38, 23, 0, 0, 0, '2015-07-23 11:42:58', '2015-07-24 07:26:42'),
(316, 7, 'Rey-An Llaguno', 0, 38, 23, 0, 0, 0, '2015-07-23 11:43:12', '2015-07-24 07:26:39'),
(317, 7, 'Leny Rejuso', 0, 38, 23, 0, 0, 0, '2015-07-23 11:43:22', '2015-07-24 07:26:35'),
(318, 7, 'Edelyn Ajero', 0, 36, 23, 0, 0, 0, '2015-07-23 11:43:38', '2015-07-24 07:26:32'),
(319, 7, 'Annie Rose Datun', 0, 36, 23, 0, 0, 0, '2015-07-23 11:43:50', '2015-07-23 21:22:13'),
(320, 7, 'Michael Kim Silot', 0, 38, 23, 0, 0, 0, '2015-07-23 11:44:01', '2015-07-23 21:22:24'),
(321, 7, 'Cyril Alpajaro', 0, 38, 22, 0, 0, 0, '2015-07-23 11:44:12', '2015-07-23 21:22:06'),
(322, 7, 'Juvynel Luzon', 0, 36, 22, 0, 0, 0, '2015-07-23 11:44:27', '2015-07-23 21:21:57'),
(323, 7, 'Krisna Miranda', 0, 36, 23, 0, 0, 0, '2015-07-23 11:44:40', '2015-07-23 21:21:53'),
(324, 7, 'Mae Bartolabac', 0, 38, 23, 0, 0, 0, '2015-07-23 11:44:53', '2015-07-23 21:21:48'),
(325, 7, 'Francisco Gonzalez Jr.', 0, 36, 0, 0, 18, 0, '2015-07-23 12:33:22', '2015-07-23 21:21:35'),
(326, 10, 'Rex', 0, 0, 0, 0, 17, 0, '2015-07-23 13:13:53', '2015-07-23 21:21:26'),
(327, 4, 'Micko', 0, 0, 0, 0, 18, 0, '2015-07-23 13:40:41', '2015-07-23 21:21:22'),
(328, 10, 'Alex', 0, 0, 22, 0, 0, 0, '2015-07-23 15:13:40', '2015-07-23 21:21:14'),
(329, 8, 'Lomeriano Pajes', 0, 36, 23, 0, 0, 0, '2015-07-23 16:33:44', '2015-07-23 21:21:11'),
(330, 8, 'Christian Menes', 0, 0, 0, 0, 18, 0, '2015-07-23 16:34:04', '2015-07-23 21:21:07'),
(331, 8, 'Ruben Bajaro', 0, 36, 22, 0, 0, 0, '2015-07-23 16:47:54', '2015-07-23 21:21:01'),
(332, 8, 'sha', 0, 36, 22, 0, 0, 0, '2015-07-23 16:48:06', '2015-07-23 17:12:53'),
(333, 8, 'Sharlon De Lumen', 0, 36, 22, 0, 0, 0, '2015-07-23 17:13:06', '2015-07-23 21:20:50'),
(334, 10, 'Raymund Naz', 0, 0, 0, 0, 17, 0, '2015-07-23 18:00:32', '2015-07-23 18:00:54'),
(335, 10, 'Raymund', 0, 0, 0, 0, 17, 0, '2015-07-23 18:01:22', '2015-07-23 21:20:45'),
(336, 10, 'Kristine', 0, 0, 25, 0, 0, 0, '2015-07-24 09:00:59', '2015-07-24 21:04:19'),
(337, 7, 'Maylyn Loteyro', 0, 39, 0, 0, 19, 0, '2015-07-24 09:04:50', '2015-07-24 09:05:20'),
(338, 7, 'Ron John Villanueva', 0, 39, 0, 0, 0, 0, '2015-07-24 09:05:13', '2015-07-24 21:04:16'),
(339, 7, 'Maylyn Loteyro', 0, 39, 0, 0, 0, 0, '2015-07-24 09:05:40', '2015-07-24 21:04:14'),
(340, 7, 'Ray Ian Raviz', 0, 39, 0, 0, 0, 0, '2015-07-24 09:05:50', '2015-07-24 21:04:11'),
(341, 3, 'Isma', 0, 0, 24, 0, 0, 0, '2015-07-24 10:44:23', '2015-07-24 21:04:08'),
(342, 10, 'Isma', 0, 0, 24, 0, 0, 0, '2015-07-24 10:44:40', '2015-07-24 21:04:05'),
(343, 10, 'Quartz', 0, 0, 24, 0, 0, 0, '2015-07-24 10:52:50', '2015-07-24 21:04:03'),
(344, 7, 'Erwin Ryan Inacay', 0, 40, 24, 0, 0, 0, '2015-07-24 11:05:08', '2015-07-24 21:04:00'),
(345, 7, 'Marco Edward Calilao', 0, 39, 24, 0, 0, 0, '2015-07-24 11:05:19', '2015-07-24 21:03:57'),
(346, 7, 'Maria Jesusa Donna Nuyles', 0, 39, 25, 0, 0, 0, '2015-07-24 11:05:33', '2015-07-24 21:03:54'),
(347, 7, 'Leny Rejuso', 0, 39, 25, 0, 0, 0, '2015-07-24 11:05:48', '2015-07-24 21:03:52'),
(348, 7, 'Rey-An Llaguno', 0, 40, 25, 0, 0, 0, '2015-07-24 11:06:00', '2015-07-24 21:03:50'),
(349, 7, 'Michael Kim Silot', 0, 40, 24, 0, 0, 0, '2015-07-24 11:06:22', '2015-07-24 21:03:47'),
(350, 7, 'Annie Rose Datun', 0, 39, 25, 0, 0, 0, '2015-07-24 11:06:35', '2015-07-24 21:03:44'),
(351, 7, 'Krisna Miranda', 0, 40, 25, 0, 0, 0, '2015-07-24 11:06:56', '2015-07-24 21:03:41'),
(352, 7, 'Kristine Gonzalez', 0, 39, 0, 0, 0, 0, '2015-07-24 11:07:04', '2015-07-24 21:03:38'),
(353, 7, 'Mae Bartolabac', 0, 39, 24, 0, 0, 0, '2015-07-24 11:07:17', '2015-07-24 21:04:22'),
(354, 7, 'Juvynel Luzon', 0, 40, 25, 0, 0, 0, '2015-07-24 11:07:33', '2015-07-24 21:02:44'),
(355, 7, 'Marjorie Jane Javellana', 0, 39, 25, 0, 0, 0, '2015-07-24 11:44:29', '2015-07-24 21:02:39'),
(356, 4, 'Elmer Arana', 0, 0, 24, 0, 0, 0, '2015-07-24 11:59:26', '2015-07-24 21:02:35'),
(357, 4, 'Mark Sevillano', 0, 0, 24, 0, 0, 0, '2015-07-24 11:59:46', '2015-07-24 21:02:30'),
(358, 4, 'Richard Banta', 0, 0, 24, 0, 0, 0, '2015-07-24 11:59:58', '2015-07-24 21:03:33'),
(359, 4, 'Rhea Benitez', 0, 0, 25, 0, 0, 0, '2015-07-24 12:00:06', '2015-07-24 21:02:27'),
(360, 4, 'Mave Rick Villar', 0, 0, 24, 0, 0, 0, '2015-07-24 12:10:02', '2015-07-24 21:02:23'),
(361, 7, 'Edelyn Ajero', 0, 39, 24, 0, 0, 0, '2015-07-24 12:28:42', '2015-07-24 21:02:17'),
(362, 7, 'Cyril Alpajaro', 0, 40, 25, 0, 0, 0, '2015-07-24 12:28:59', '2015-07-24 21:02:09'),
(363, 10, 'Raymund', 0, 0, 0, 0, 19, 0, '2015-07-24 19:01:24', '2015-07-24 21:02:07'),
(364, 10, 'Rex', 0, 0, 0, 0, 19, 0, '2015-07-24 19:08:01', '2015-07-24 21:02:04'),
(365, 10, 'Quartz', 0, 0, 27, 0, 0, 0, '2015-07-25 09:38:26', '2015-07-26 16:34:02'),
(366, 10, 'Isma', 0, 0, 27, 0, 0, 0, '2015-07-25 09:42:21', '2015-07-26 16:34:00'),
(367, 10, 'Alex', 0, 0, 27, 0, 0, 0, '2015-07-25 09:43:13', '2015-07-26 16:33:58'),
(368, 10, 'William', 0, 0, 27, 0, 0, 0, '2015-07-25 09:43:48', '2015-07-26 16:33:55'),
(369, 7, 'Erwin Ryan Inacay', 0, 42, 26, 0, 0, 0, '2015-07-25 10:42:30', '2015-07-26 16:33:53'),
(370, 7, 'Marco Edward Calilao', 0, 42, 26, 0, 0, 0, '2015-07-25 10:42:47', '2015-07-26 16:33:50'),
(371, 7, 'Francisco Gonzalez', 0, 0, 0, 0, 20, 0, '2015-07-25 10:43:35', '2015-07-26 16:33:47'),
(372, 7, 'Ray Ian Ravis', 0, 0, 0, 0, 20, 0, '2015-07-25 10:43:42', '2015-07-26 16:33:44'),
(373, 7, 'Ron John Villanueva', 0, 0, 0, 0, 20, 0, '2015-07-25 10:43:54', '2015-07-26 16:33:38'),
(374, 7, 'Maylyn Loteyro', 0, 0, 0, 0, 20, 0, '2015-07-25 10:44:11', '2015-07-26 16:33:34'),
(375, 7, 'Michael Kim Silot', 0, 41, 27, 0, 0, 0, '2015-07-25 10:44:27', '2015-07-26 16:33:26'),
(376, 7, 'Leny Rejuso', 0, 42, 27, 0, 0, 0, '2015-07-25 10:45:37', '2015-07-26 16:33:23'),
(377, 7, 'Rey-An Llaguno', 0, 42, 27, 0, 0, 0, '2015-07-25 10:45:54', '2015-07-26 16:33:21'),
(378, 7, 'Edelyn Ajero', 0, 42, 27, 0, 0, 0, '2015-07-25 10:46:06', '2015-07-26 16:33:18'),
(379, 7, 'Annie Rose Datun', 0, 42, 27, 0, 0, 0, '2015-07-25 10:46:17', '2015-07-26 16:33:16'),
(380, 7, 'Marjorie Jane Javellana', 0, 42, 27, 0, 0, 0, '2015-07-25 10:46:29', '2015-07-26 16:33:13'),
(381, 7, 'Maria Jesusa Donna Nuyles', 0, 42, 27, 0, 0, 0, '2015-07-25 10:46:44', '2015-07-26 16:33:10'),
(382, 7, 'Krisna Miranda', 0, 41, 27, 0, 0, 0, '2015-07-25 10:46:59', '2015-07-26 16:33:05'),
(383, 7, 'Juvynel Luzon', 0, 41, 26, 0, 0, 0, '2015-07-25 10:47:16', '2015-07-26 16:33:08'),
(384, 7, 'Kristine Gonzalez', 0, 42, 0, 0, 0, 0, '2015-07-25 10:47:50', '2015-07-26 16:33:41'),
(385, 4, 'Mark Sevillano:', 0, 0, 26, 0, 0, 0, '2015-07-25 12:08:26', '2015-07-26 16:32:42'),
(386, 4, 'Mave Rick Villar', 0, 0, 26, 0, 0, 0, '2015-07-25 12:08:42', '2015-07-26 16:32:57'),
(387, 4, 'Rhea Benitez', 0, 0, 26, 0, 0, 0, '2015-07-25 12:08:57', '2015-07-26 16:33:01'),
(388, 4, 'Elmer Araña', 0, 0, 26, 0, 0, 0, '2015-07-25 12:09:26', '2015-07-26 16:32:35'),
(389, 4, 'Richard Banta', 0, 0, 26, 0, 0, 0, '2015-07-25 12:09:58', '2015-07-26 16:32:39'),
(390, 8, 'Jesabel Mangampo', 0, 41, 26, 0, 0, 0, '2015-07-25 12:27:26', '2015-07-26 16:32:29'),
(391, 8, 'Alex Bartolata', 0, 42, 27, 0, 0, 0, '2015-07-25 12:28:17', '2015-07-26 16:32:26'),
(392, 8, 'Jason Bande', 0, 41, 27, 0, 0, 0, '2015-07-25 12:29:05', '2015-07-26 16:32:23'),
(393, 8, 'Ruben Bajaro', 0, 42, 26, 0, 20, 0, '2015-07-25 12:29:26', '2015-07-26 16:32:20'),
(394, 8, 'Mher Lomerano', 0, 41, 27, 0, 0, 0, '2015-07-25 12:29:46', '2015-07-26 16:32:16'),
(395, 8, 'Christian Menes', 0, 0, 0, 0, 20, 0, '2015-07-25 12:30:07', '2015-07-26 16:32:13'),
(396, 8, 'Jason Llanera', 0, 42, 27, 0, 0, 0, '2015-07-25 12:30:49', '2015-07-26 16:32:10'),
(397, 8, 'Sharlon De Lumen', 0, 41, 27, 0, 20, 0, '2015-07-25 12:31:22', '2015-07-26 16:32:06'),
(398, 7, 'Cyril Alpajaro', 0, 42, 27, 0, 0, 0, '2015-07-25 14:31:20', '2015-07-26 16:32:33'),
(399, 7, 'Mae Bartolabac', 0, 41, 27, 0, 0, 0, '2015-07-25 14:31:37', '2015-07-26 16:31:49'),
(400, 4, 'Jordan Muyna', 0, 0, 26, 0, 0, 0, '2015-07-25 17:03:47', '2015-07-26 16:31:46'),
(401, 10, 'Raymund', 0, 0, 0, 0, 20, 0, '2015-07-25 19:28:06', '2015-07-26 16:31:42'),
(402, 7, 'Marco Edward Calilao', 0, 44, 28, 0, 0, 0, '2015-07-27 10:26:34', '2015-07-27 17:53:53'),
(403, 8, 'Jesabel Mangampo', 0, 43, 28, 0, 0, 0, '2015-07-27 10:28:05', '2015-07-27 17:53:51'),
(404, 8, 'Alex Bartolata', 0, 44, 28, 0, 0, 0, '2015-07-27 10:28:40', '2015-07-27 10:29:45'),
(405, 8, 'Ruben Bajaro', 0, 43, 28, 0, 21, 0, '2015-07-27 10:29:00', '2015-07-27 17:53:46'),
(406, 8, 'Jason Llarena', 0, 43, 28, 0, 0, 0, '2015-07-27 10:29:14', '2015-07-27 17:53:49'),
(407, 8, 'Jason Bande', 0, 43, 28, 0, 0, 0, '2015-07-27 10:29:25', '2015-07-27 17:53:36'),
(408, 8, 'Lomeriano Pajes', 0, 43, 28, 0, 0, 0, '2015-07-27 10:29:35', '2015-07-27 17:53:38'),
(409, 8, 'Alex Bartolata', 0, 43, 30, 0, 0, 0, '2015-07-27 10:29:59', '2015-07-27 10:32:52'),
(410, 8, 'Alex Bartolata', 0, 44, 30, 0, 0, 0, '2015-07-27 10:33:07', '2015-07-27 17:53:32'),
(411, 8, 'Sharlon De Lumen', 0, 43, 28, 0, 21, 0, '2015-07-27 10:33:21', '2015-07-27 17:53:34'),
(412, 8, 'Christian Menes', 0, 0, 0, 0, 21, 0, '2015-07-27 10:33:29', '2015-07-27 17:53:27'),
(413, 7, 'Juvynel Luzon', 0, 44, 30, 0, 0, 0, '2015-07-27 10:35:29', '2015-07-27 17:53:30'),
(414, 7, 'Maria Jesusa Donna Nuyles', 0, 43, 28, 0, 0, 0, '2015-07-27 10:36:21', '2015-07-27 17:53:23'),
(415, 7, 'Michael Kim Silot', 0, 43, 30, 0, 0, 0, '2015-07-27 10:37:29', '2015-07-27 17:53:25'),
(416, 7, 'Lenny Rejuso', 0, 44, 30, 0, 0, 0, '2015-07-27 10:47:17', '2015-07-27 17:53:21'),
(417, 7, 'Rey-an Llaguno', 0, 43, 28, 0, 0, 0, '2015-07-27 10:47:50', '2015-07-27 17:53:16'),
(418, 7, 'Marjorie Javellana', 0, 43, 28, 0, 0, 0, '2015-07-27 10:48:40', '2015-07-27 17:53:18'),
(419, 7, 'Robert Duncan', 0, 43, 30, 0, 0, 0, '2015-07-27 10:48:55', '2015-07-27 17:53:11'),
(420, 10, 'Ismael Bilarma', 0, 0, 28, 0, 0, 0, '2015-07-27 10:49:03', '2015-07-27 17:53:14'),
(421, 10, 'Johnel Balaoro', 0, 0, 30, 0, 0, 0, '2015-07-27 10:49:24', '2015-07-27 17:53:09'),
(422, 10, 'William Anonuevo', 0, 0, 28, 0, 0, 0, '2015-07-27 10:51:26', '2015-07-27 17:53:06'),
(423, 7, 'Erwin Ryan Inacay', 0, 43, 28, 0, 0, 0, '2015-07-27 10:51:49', '2015-07-27 17:53:04'),
(424, 7, 'Maylyn Loteyro', 0, 43, 30, 0, 0, 0, '2015-07-27 10:52:09', '2015-07-27 17:53:02'),
(425, 10, 'Kristine Basbacio', 0, 0, 28, 0, 0, 0, '2015-07-27 10:52:32', '2015-07-27 17:52:47'),
(426, 10, 'Alexander Bellen', 0, 0, 28, 0, 0, 0, '2015-07-27 10:52:43', '2015-07-27 17:52:43'),
(427, 7, 'Anne Datun', 0, 43, 30, 0, 0, 0, '2015-07-27 10:53:11', '2015-07-27 17:52:45'),
(428, 7, 'Edelyn Ajero', 0, 43, 30, 0, 0, 0, '2015-07-27 10:53:34', '2015-07-27 17:52:40'),
(429, 10, 'Sherry Albaytar', 0, 0, 28, 0, 0, 0, '2015-07-27 10:53:52', '2015-07-27 17:52:38'),
(430, 7, 'Mae bartolabac', 0, 43, 28, 0, 0, 0, '2015-07-27 10:53:59', '2015-07-27 17:52:35'),
(431, 10, 'Guia Alarkon', 0, 0, 28, 0, 0, 0, '2015-07-27 10:54:02', '2015-07-27 17:52:34'),
(432, 10, 'Mikee Encinas', 0, 0, 30, 0, 0, 0, '2015-07-27 10:54:12', '2015-07-27 17:52:32'),
(433, 9, 'Mark', 0, 0, 30, 0, 0, 0, '2015-07-27 11:35:46', '2015-07-27 17:52:29'),
(434, 7, 'Cyril Alpajaro', 0, 44, 30, 0, 0, 0, '2015-07-27 11:40:33', '2015-07-27 17:52:27'),
(435, 4, 'Richard Banta', 0, 0, 30, 0, 0, 0, '2015-07-27 13:04:12', '2015-07-27 17:52:25'),
(436, 4, 'Rhea Benitez', 0, 0, 30, 0, 0, 0, '2015-07-27 13:04:21', '2015-07-27 17:52:22'),
(437, 4, 'Mark Sevillano:', 0, 0, 30, 0, 0, 0, '2015-07-27 13:04:36', '2015-07-27 17:52:20'),
(438, 4, 'Mave Rick Villar', 0, 0, 28, 0, 21, 0, '2015-07-27 13:04:50', '2015-07-27 17:52:17'),
(439, 10, 'Joanne Perez', 0, 0, 30, 0, 21, 0, '2015-07-27 16:40:38', '2015-07-27 17:52:15'),
(440, 10, 'Josef Advincula', 0, 0, 30, 0, 0, 0, '2015-07-27 16:40:56', '2015-07-27 17:52:12'),
(441, 10, 'Josef Advincula', 0, 0, 0, 0, 21, 0, '2015-07-27 16:42:41', '2015-07-27 17:52:09'),
(442, 4, 'Elmer Arana', 0, 0, 30, 0, 21, 0, '2015-07-27 16:46:22', '2015-07-27 17:52:07'),
(443, 4, 'Micko', 0, 0, 0, 0, 21, 0, '2015-07-27 16:46:40', '2015-07-27 17:52:05'),
(444, 4, 'Alex', 0, 0, 0, 0, 21, 0, '2015-07-27 16:47:12', '2015-07-27 17:52:03'),
(445, 4, 'Johncis Belista', 0, 0, 0, 0, 21, 0, '2015-07-27 16:48:00', '2015-07-27 17:51:59'),
(446, 7, 'Francisco Gonzalez Jr.', 0, 43, 0, 0, 21, 0, '2015-07-27 16:51:00', '2015-07-27 17:51:57'),
(447, 7, 'Ray Ian Raviz', 0, 43, 0, 0, 21, 0, '2015-07-27 16:51:10', '2015-07-27 17:51:54'),
(448, 7, 'Ron John Villanueva', 0, 43, 0, 0, 21, 0, '2015-07-27 16:51:23', '2015-07-27 17:51:52'),
(449, 7, 'Francisco Gonzalez Jr.', 0, 46, 0, 0, 22, 0, '2015-07-28 09:03:14', '2015-07-28 17:57:15'),
(450, 10, 'Johnel Balaoro', 0, 0, 31, 0, 0, 0, '2015-07-28 09:12:18', '2015-07-28 17:57:13'),
(451, 10, 'Mikee Encinas', 0, 0, 31, 0, 0, 0, '2015-07-28 09:12:39', '2015-07-28 17:57:11'),
(452, 10, 'Sherry Albaytar', 0, 0, 32, 0, 0, 0, '2015-07-28 09:12:51', '2015-07-28 17:57:09'),
(453, 10, 'Guia Alarkon', 0, 0, 32, 0, 0, 0, '2015-07-28 09:13:01', '2015-07-28 17:57:07'),
(454, 10, 'William Anonuevo', 0, 0, 32, 0, 0, 0, '2015-07-28 09:13:38', '2015-07-28 17:57:05'),
(455, 10, 'Joanne Perez', 0, 45, 0, 0, 0, 0, '2015-07-28 09:13:53', '2015-07-28 17:57:02'),
(456, 10, 'Josef Advincula', 0, 46, 0, 0, 0, 0, '2015-07-28 09:14:03', '2015-07-28 17:57:00'),
(457, 10, 'Josef Advincula', 0, 0, 0, 0, 22, 0, '2015-07-28 09:14:15', '2015-07-28 17:56:57'),
(458, 10, 'Joanne Perez', 0, 0, 0, 0, 22, 0, '2015-07-28 09:14:21', '2015-07-28 17:56:55'),
(459, 10, 'Alexander Bellen', 0, 0, 32, 0, 0, 0, '2015-07-28 09:17:04', '2015-07-28 17:56:52'),
(460, 8, 'Jesabel Mangampo', 0, 46, 31, 0, 0, 0, '2015-07-28 10:35:03', '2015-07-28 17:56:50'),
(461, 8, 'Alex Bartolata', 0, 45, 32, 0, 0, 0, '2015-07-28 10:35:53', '2015-07-28 17:56:48'),
(462, 8, 'Jason Bande', 0, 46, 31, 0, 0, 0, '2015-07-28 10:36:41', '2015-07-28 17:56:46'),
(463, 8, 'Mher Lomerano', 0, 45, 31, 0, 0, 0, '2015-07-28 10:37:23', '2015-07-28 17:56:43'),
(464, 8, 'Ruben Bajaro', 0, 45, 31, 0, 0, 0, '2015-07-28 10:37:48', '2015-07-28 17:56:41'),
(465, 8, 'Jason Llanera', 0, 45, 31, 0, 0, 0, '2015-07-28 10:38:18', '2015-07-28 17:56:39'),
(466, 8, 'Christian Menes', 0, 0, 0, 0, 22, 0, '2015-07-28 10:38:45', '2015-07-28 17:56:37'),
(467, 8, 'Sherwin De Lumen', 0, 45, 32, 0, 22, 0, '2015-07-28 10:39:18', '2015-07-28 17:56:35'),
(468, 7, 'Marco Edward Calilao', 0, 45, 32, 0, 0, 0, '2015-07-28 11:54:27', '2015-07-28 17:56:33'),
(469, 7, 'Edelyn Ajero', 0, 45, 32, 0, 0, 0, '2015-07-28 11:56:34', '2015-07-28 17:56:31'),
(470, 7, 'Marjorie Javellana', 0, 45, 31, 0, 0, 0, '2015-07-28 11:56:53', '2015-07-28 17:56:27'),
(471, 7, 'Erwin Ryan Inacay', 0, 45, 32, 0, 0, 0, '2015-07-28 11:57:15', '2015-07-28 17:56:25'),
(472, 7, 'Robert Duncan', 0, 45, 32, 0, 0, 0, '2015-07-28 11:57:33', '2015-07-28 17:56:24'),
(473, 7, 'Rey-an Llaguno', 0, 46, 31, 0, 0, 0, '2015-07-28 11:58:01', '2015-07-28 17:55:51'),
(474, 7, 'Lenny Rejuso', 0, 45, 31, 0, 0, 0, '2015-07-28 11:58:22', '2015-07-28 17:55:47'),
(475, 7, 'Mae bartolabac', 0, 45, 32, 0, 0, 0, '2015-07-28 11:58:42', '2015-07-28 17:55:45'),
(476, 7, 'Michael Kim Silot', 0, 45, 32, 0, 0, 0, '2015-07-28 11:59:11', '2015-07-28 17:55:41'),
(477, 7, 'Anne datun', 0, 46, 32, 0, 0, 0, '2015-07-28 11:59:28', '2015-07-28 17:55:42'),
(478, 7, 'Maylyn Loteyro', 0, 46, 31, 0, 0, 0, '2015-07-28 11:59:43', '2015-07-28 17:55:35'),
(479, 7, 'Maria jesusa Donna Nuyles', 0, 46, 31, 0, 0, 0, '2015-07-28 12:00:15', '2015-07-28 17:55:38'),
(480, 7, 'Juvynel Luzon', 0, 46, 31, 0, 0, 0, '2015-07-28 12:17:05', '2015-07-28 17:55:33'),
(481, 6, 'Richard Alamer', 0, 0, 31, 0, 0, 0, '2015-07-28 15:47:09', '2015-07-28 17:55:31'),
(482, 6, 'Justin Belga', 0, 0, 32, 0, 0, 0, '2015-07-28 15:56:43', '2015-07-28 17:55:29'),
(483, 6, 'Joshua Ruiz', 0, 0, 31, 0, 0, 0, '2015-07-28 15:57:08', '2015-07-28 17:55:27'),
(484, 4, 'Rhea Benitez', 0, 0, 31, 15, 0, 0, '2015-07-28 16:44:51', '2015-07-28 17:55:26'),
(485, 4, 'Mark Sevillano', 0, 0, 32, 15, 0, 0, '2015-07-28 16:45:16', '2015-07-28 17:55:23'),
(486, 4, 'Richard Banta', 0, 0, 32, 13, 0, 0, '2015-07-28 16:46:21', '2015-07-28 17:55:21'),
(487, 4, 'Mave Rick Villar', 0, 0, 31, 15, 22, 0, '2015-07-28 16:47:09', '2015-07-28 17:55:19'),
(488, 4, 'Elmer Arana', 0, 0, 32, 14, 22, 0, '2015-07-28 16:48:17', '2015-07-28 17:55:17'),
(489, 4, 'Micko', 0, 0, 0, 0, 22, 0, '2015-07-28 16:48:33', '2015-07-28 17:55:14'),
(490, 4, 'Johncis Belista', 0, 0, 0, 0, 22, 0, '2015-07-28 16:48:47', '2015-07-28 17:55:11'),
(491, 4, 'Jordan Muyna', 0, 0, 32, 15, 0, 0, '2015-07-28 16:49:13', '2015-07-28 17:55:08'),
(492, 10, 'Johnel Balaoro', 0, 0, 33, 0, 0, 0, '2015-07-29 08:44:04', '2015-07-29 18:29:58'),
(493, 10, 'Mikee Encinas', 0, 0, 33, 0, 0, 0, '2015-07-29 08:45:41', '2015-07-29 18:29:55'),
(494, 10, 'Guia Alarkon', 0, 0, 33, 0, 0, 0, '2015-07-29 08:45:50', '2015-07-29 18:29:53'),
(495, 10, 'Joanne Perez', 0, 0, 0, 0, 23, 0, '2015-07-29 08:51:42', '2015-07-29 18:29:50'),
(496, 10, 'Ismael Bilarma', 0, 0, 34, 0, 0, 0, '2015-07-29 08:56:03', '2015-07-29 18:29:47'),
(497, 7, 'Erwin Ryan Inacay', 0, 47, 33, 0, 0, 0, '2015-07-29 10:21:35', '2015-07-29 18:29:45'),
(498, 7, 'Anne Datun', 0, 48, 33, 0, 0, 0, '2015-07-29 10:21:56', '2015-07-29 18:29:42'),
(499, 7, 'Edelyn Ajero', 0, 47, 33, 0, 0, 0, '2015-07-29 10:22:11', '2015-07-29 18:29:39'),
(500, 7, 'Maylyn Loteyro', 0, 47, 33, 0, 0, 0, '2015-07-29 10:22:31', '2015-07-29 18:29:37'),
(501, 7, 'Juvynel Luzon', 0, 48, 34, 0, 0, 0, '2015-07-29 10:22:55', '2015-07-29 18:29:35'),
(502, 7, 'Mae bartolabac', 0, 47, 33, 0, 0, 0, '2015-07-29 10:23:12', '2015-07-29 18:29:32'),
(503, 7, 'Maria jesusa Donna Nuyles', 0, 47, 34, 0, 0, 0, '2015-07-29 10:23:26', '2015-07-29 18:29:30'),
(504, 7, 'Michael Kim Silot', 0, 47, 33, 0, 0, 0, '2015-07-29 10:23:40', '2015-07-29 18:29:26'),
(505, 7, 'Lenny Rejuso', 0, 47, 33, 0, 0, 0, '2015-07-29 10:23:57', '2015-07-29 18:29:24'),
(506, 7, 'Rey-an Llaguno', 0, 48, 33, 0, 0, 0, '2015-07-29 10:24:17', '2015-07-29 18:29:21'),
(507, 7, 'Cyril Alpajaro', 0, 47, 33, 0, 0, 0, '2015-07-29 10:24:34', '2015-07-29 18:29:19'),
(508, 7, 'Marjorie Javellana', 0, 47, 33, 0, 0, 0, '2015-07-29 10:24:51', '2015-07-29 18:29:16'),
(509, 7, 'Ronj John Villanueva', 0, 48, 0, 0, 23, 0, '2015-07-29 11:01:58', '2015-07-29 18:29:13'),
(510, 7, 'Ray Ian Raviz', 0, 47, 0, 0, 23, 0, '2015-07-29 11:02:18', '2015-07-29 18:29:11'),
(511, 6, 'Richard Alamer', 0, 0, 33, 0, 0, 0, '2015-07-29 11:10:53', '2015-07-29 18:29:09'),
(512, 6, 'Justin Belga', 0, 0, 34, 0, 0, 0, '2015-07-29 11:12:32', '2015-07-29 18:29:06'),
(513, 6, 'Joshua Ruiz', 0, 0, 33, 0, 23, 0, '2015-07-29 11:16:36', '2015-07-29 18:29:03'),
(514, 7, 'Marco Edward Calilao', 0, 47, 33, 16, 0, 0, '2015-07-29 11:18:43', '2015-07-29 18:29:01'),
(515, 8, 'Jesabel Mangampo', 0, 47, 33, 0, 0, 0, '2015-07-29 12:26:19', '2015-07-29 18:28:58'),
(516, 8, 'Alex Bartolata', 0, 48, 34, 0, 0, 0, '2015-07-29 12:27:24', '2015-07-29 18:28:56'),
(517, 8, 'Jason Bande', 0, 47, 34, 0, 0, 0, '2015-07-29 12:27:52', '2015-07-29 18:28:53'),
(518, 8, 'Mher Lomerano', 0, 47, 34, 0, 0, 0, '2015-07-29 12:28:25', '2015-07-29 18:28:50'),
(519, 8, 'Jason Llanera', 0, 48, 33, 0, 0, 0, '2015-07-29 12:29:10', '2015-07-29 18:28:47'),
(520, 8, 'Christian Menes', 0, 0, 0, 0, 23, 0, '2015-07-29 12:29:34', '2015-07-29 18:28:45'),
(521, 8, 'Sherwin De Lumen', 0, 47, 34, 0, 23, 0, '2015-07-29 12:29:55', '2015-07-29 18:28:42'),
(522, 8, 'Ruben Bajaro', 0, 47, 34, 0, 23, 0, '2015-07-29 12:30:26', '2015-07-29 18:28:39'),
(523, 4, 'Rhea Benitez', 0, 0, 33, 19, 0, 0, '2015-07-29 12:56:07', '2015-07-29 18:28:36'),
(524, 4, 'Richard Banta', 0, 0, 33, 16, 0, 0, '2015-07-29 12:56:29', '2015-07-29 18:28:33'),
(525, 4, 'Mark Sevillano', 0, 0, 33, 19, 0, 0, '2015-07-29 12:56:50', '2015-07-29 18:28:31'),
(526, 4, 'Elmer Araña', 0, 0, 33, 16, 23, 0, '2015-07-29 12:57:09', '2015-07-29 18:28:27'),
(527, 4, 'Mave Rick Villar', 0, 0, 33, 19, 23, 0, '2015-07-29 12:57:35', '2015-07-29 18:28:25'),
(528, 4, 'Micko', 0, 0, 0, 0, 23, 0, '2015-07-29 12:57:53', '2015-07-29 18:28:21'),
(529, 4, 'Johncis Belista', 0, 0, 0, 0, 23, 0, '2015-07-29 12:58:18', '2015-07-29 18:28:18'),
(530, 9, 'Ramil Moral', 0, 0, 33, 0, 0, 0, '2015-07-29 14:59:02', '2015-07-29 18:28:15'),
(531, 9, 'Mae Tiansay', 0, 0, 0, 17, 0, 0, '2015-07-29 15:01:33', '2015-07-29 18:28:12'),
(532, 10, 'Rex', 0, 0, 0, 0, 23, 0, '2015-07-29 16:37:56', '2015-07-29 16:38:12'),
(533, 10, 'Rex Jimenez', 0, 0, 0, 0, 23, 0, '2015-07-29 16:38:21', '2015-07-29 18:28:09'),
(534, 10, 'William Anonuevo', 0, 0, 36, 0, 0, 0, '2015-07-30 08:03:12', '2015-07-30 19:08:11'),
(535, 10, 'Johnel Balaoro', 0, 0, 35, 0, 0, 0, '2015-07-30 08:06:11', '2015-07-30 19:08:03'),
(536, 8, 'Jesabel Mangampo', 0, 49, 35, 0, 0, 0, '2015-07-30 08:33:40', '2015-07-30 19:07:54'),
(537, 8, 'Alex Bartolata', 0, 50, 36, 0, 0, 0, '2015-07-30 08:34:01', '2015-07-30 08:34:53'),
(538, 8, 'Alex Bartolata', 0, 50, 36, 0, 0, 0, '2015-07-30 08:34:44', '2015-07-30 19:07:48'),
(539, 8, 'Jason Bande', 0, 49, 35, 0, 0, 0, '2015-07-30 08:35:27', '2015-07-30 19:07:41'),
(540, 8, 'Jason Llanera', 0, 49, 35, 0, 0, 0, '2015-07-30 08:35:57', '2015-07-30 19:07:32'),
(541, 8, 'Sherwin De Lumen', 0, 49, 35, 0, 24, 0, '2015-07-30 08:36:21', '2015-07-30 19:07:22'),
(542, 8, 'Christian Menes', 0, 0, 0, 0, 24, 0, '2015-07-30 08:36:39', '2015-07-30 19:07:16'),
(543, 8, 'Ruben Bajaro', 0, 50, 35, 0, 24, 0, '2015-07-30 08:37:03', '2015-07-30 19:07:09'),
(544, 10, 'Kristine Basbacio', 0, 0, 35, 0, 0, 0, '2015-07-30 08:38:51', '2015-07-30 19:07:03'),
(545, 10, 'Sherry Albaytar', 0, 0, 36, 0, 0, 0, '2015-07-30 09:47:22', '2015-07-30 19:06:54'),
(546, 10, 'Mikee Encinas', 0, 0, 36, 0, 0, 0, '2015-07-30 09:47:32', '2015-07-30 19:06:46'),
(547, 10, 'Guia Alarkon', 0, 0, 36, 0, 0, 0, '2015-07-30 09:47:40', '2015-07-30 19:06:39'),
(548, 10, 'Joanne Perez', 0, 50, 0, 0, 0, 0, '2015-07-30 09:47:56', '2015-07-30 19:06:31'),
(549, 7, 'Mae bartolabac', 0, 49, 36, 0, 0, 0, '2015-07-30 11:31:37', '2015-07-30 19:06:23'),
(550, 7, 'Krisna Miranda', 0, 49, 35, 0, 0, 0, '2015-07-30 11:32:04', '2015-07-30 19:06:01'),
(551, 7, 'Edelyn Ajero', 0, 49, 36, 0, 0, 0, '2015-07-30 11:32:29', '2015-07-30 19:05:46'),
(552, 7, 'Maylyn Loteyro', 0, 50, 35, 0, 0, 0, '2015-07-30 11:32:55', '2015-07-30 19:05:38'),
(553, 7, 'Cyril Alpajaro', 0, 50, 35, 0, 0, 0, '2015-07-30 11:33:17', '2015-07-30 19:05:30'),
(554, 7, 'Erwin Ryan Inacay', 0, 49, 35, 0, 0, 0, '2015-07-30 11:34:03', '2015-07-30 19:05:21'),
(555, 7, 'Juvynel Luzon', 0, 50, 36, 0, 0, 0, '2015-07-30 11:36:32', '2015-07-30 19:05:13'),
(556, 7, 'Rey-an Llaguno', 0, 50, 36, 0, 0, 0, '2015-07-30 11:36:54', '2015-07-30 19:05:06'),
(557, 7, 'Lenny Rejuso', 0, 50, 35, 0, 0, 0, '2015-07-30 11:37:19', '2015-07-30 19:04:59'),
(558, 7, 'Ray Ian Raviz', 0, 49, 0, 0, 24, 0, '2015-07-30 11:37:47', '2015-07-30 19:04:50'),
(559, 7, 'Ronj John Villanueva', 0, 49, 0, 0, 24, 0, '2015-07-30 11:38:06', '2015-07-30 19:04:39'),
(560, 7, 'Marjorie Javellana', 0, 50, 35, 0, 0, 0, '2015-07-30 11:38:43', '2015-07-30 19:04:29'),
(561, 7, 'Maria jesusa Donna Nuyles', 0, 49, 35, 0, 0, 0, '2015-07-30 11:39:25', '2015-07-30 19:04:21'),
(562, 7, 'Krisna Miranda', 0, 49, 35, 0, 0, 0, '2015-07-30 11:45:11', '2015-07-30 11:45:27'),
(563, 7, 'Marco Edward Calilao', 0, 49, 36, 21, 0, 0, '2015-07-30 11:59:18', '2015-07-30 19:04:16'),
(564, 10, 'Ismael Bilarma', 0, 0, 35, 0, 0, 0, '2015-07-30 13:04:52', '2015-07-30 19:04:09'),
(565, 10, 'Alexander Bellen', 0, 0, 35, 0, 0, 0, '2015-07-30 13:06:54', '2015-07-30 19:04:02'),
(566, 7, 'Michael Kim Silot', 0, 49, 36, 0, 0, 0, '2015-07-30 14:21:16', '2015-07-30 19:03:52'),
(567, 10, 'Karla Morta', 0, 51, 0, 0, 0, 0, '2015-07-31 08:49:57', '2015-07-31 22:20:08'),
(568, 10, 'Imee Olarte', 0, 51, 0, 0, 0, 0, '2015-07-31 08:50:05', '2015-07-31 22:20:06'),
(569, 10, 'William Anonuevo', 0, 0, 38, 26, 0, 0, '2015-07-31 09:18:52', '2015-07-31 22:20:04'),
(570, 10, 'Ismael Bilarma', 0, 0, 38, 25, 0, 0, '2015-07-31 09:19:20', '2015-07-31 22:20:03'),
(571, 10, 'Leslie Gaveria', 0, 0, 37, 25, 0, 0, '2015-07-31 09:19:43', '2015-07-31 22:20:01'),
(572, 10, 'Alexander Bellen', 0, 0, 38, 26, 0, 0, '2015-07-31 09:19:57', '2015-07-31 22:20:00'),
(573, 10, 'Julie Nieva', 0, 0, 37, 26, 0, 0, '2015-07-31 09:49:49', '2015-07-31 22:19:59'),
(574, 7, 'Anne Datun', 0, 0, 38, 24, 0, 0, '2015-07-31 09:57:14', '2015-07-31 22:19:58'),
(575, 7, 'Marjorie Javellana', 0, 0, 38, 26, 0, 0, '2015-07-31 09:57:37', '2015-07-31 11:53:56'),
(576, 7, 'Cyril Alpajaro', 0, 0, 37, 25, 0, 0, '2015-07-31 09:58:02', '2015-07-31 22:19:57'),
(577, 7, 'Leny Rejuso', 0, 0, 38, 26, 0, 0, '2015-07-31 09:58:28', '2015-07-31 22:19:56'),
(578, 7, 'Edelyn Ajero', 0, 0, 38, 25, 0, 0, '2015-07-31 09:59:01', '2015-07-31 22:19:55'),
(579, 7, 'Maylyn Loteyro', 0, 0, 38, 25, 0, 0, '2015-07-31 09:59:27', '2015-07-31 22:19:54'),
(580, 7, 'Mae Bartolabac', 0, 0, 38, 25, 0, 0, '2015-07-31 10:00:01', '2015-07-31 22:19:53'),
(581, 7, 'Juvynel Luzon', 0, 0, 37, 25, 0, 0, '2015-07-31 10:00:29', '2015-07-31 22:19:52'),
(582, 7, 'Michael Kim Silot', 0, 0, 38, 24, 0, 0, '2015-07-31 10:01:03', '2015-07-31 22:19:50'),
(583, 7, 'Krisna Miranda', 0, 0, 38, 25, 0, 0, '2015-07-31 10:01:39', '2015-07-31 22:19:47'),
(584, 7, 'Rey-an Llaguno', 0, 0, 37, 26, 0, 0, '2015-07-31 10:02:22', '2015-07-31 22:19:44'),
(585, 7, 'Maria Jesusa Donna Nuyles', 0, 0, 38, 26, 0, 0, '2015-07-31 10:03:02', '2015-07-31 22:19:42'),
(586, 7, 'Ronj John Villanueva', 0, 0, 0, 24, 25, 0, '2015-07-31 10:03:34', '2015-07-31 22:19:39'),
(587, 7, 'Ray Ian Raviz', 0, 0, 0, 25, 25, 0, '2015-07-31 10:03:52', '2015-07-31 22:19:36'),
(588, 4, 'Mave Rick Villar', 0, 0, 37, 25, 25, 0, '2015-07-31 11:09:28', '2015-07-31 22:19:35'),
(589, 4, 'Elmer Araña', 0, 0, 37, 26, 25, 0, '2015-07-31 11:09:53', '2015-07-31 22:19:32'),
(590, 4, 'Mark Sevillano', 0, 0, 37, 26, 0, 0, '2015-07-31 11:10:15', '2015-07-31 22:19:31'),
(591, 4, 'Richard Banta', 0, 0, 37, 26, 0, 0, '2015-07-31 11:10:29', '2015-07-31 22:19:29'),
(592, 4, 'Rhea Benitez', 0, 0, 38, 26, 0, 0, '2015-07-31 11:10:39', '2015-07-31 22:19:27'),
(593, 4, 'Daryl Joyce Lopez', 0, 0, 37, 24, 0, 0, '2015-07-31 11:11:04', '2015-07-31 22:19:24'),
(594, 4, 'Micko', 0, 0, 0, 0, 25, 0, '2015-07-31 11:11:27', '2015-07-31 22:19:22'),
(595, 4, 'Ryan', 0, 0, 0, 0, 25, 0, '2015-07-31 11:11:37', '2015-07-31 22:19:21'),
(596, 4, 'Johncis Belista', 0, 0, 0, 0, 25, 0, '2015-07-31 11:11:51', '2015-07-31 22:19:19'),
(597, 4, 'Alex', 0, 0, 0, 0, 25, 0, '2015-07-31 11:12:06', '2015-07-31 22:19:17'),
(598, 10, 'John Tenedero', 0, 51, 0, 26, 0, 0, '2015-07-31 11:26:19', '2015-07-31 22:19:15'),
(599, 10, 'Mikee Encinas', 0, 0, 38, 26, 0, 0, '2015-07-31 11:26:33', '2015-07-31 22:19:13'),
(600, 10, 'Sherry Albaytar', 0, 0, 37, 26, 0, 0, '2015-07-31 11:26:44', '2015-07-31 22:19:10'),
(601, 7, 'Erwin Ryan Inacay', 0, 0, 37, 25, 0, 0, '2015-07-31 11:38:17', '2015-07-31 22:19:07'),
(602, 7, 'Marjorie Jane Javellana', 0, 0, 38, 25, 0, 0, '2015-07-31 11:54:06', '2015-07-31 22:19:05'),
(603, 10, 'Christian Marana', 0, 51, 0, 26, 0, 0, '2015-07-31 15:14:21', '2015-07-31 22:19:03'),
(604, 10, 'Jonathan Placer', 0, 0, 38, 26, 0, 0, '2015-07-31 15:14:36', '2015-07-31 22:19:01'),
(605, 10, 'Amit', 0, 0, 0, 25, 0, 0, '2015-07-31 15:14:47', '2015-07-31 22:18:59'),
(606, 10, 'Ian Lleva', 0, 0, 37, 26, 0, 0, '2015-07-31 15:15:00', '2015-07-31 22:18:57'),
(607, 10, 'Vicente Repolles', 0, 0, 38, 26, 0, 0, '2015-07-31 15:15:14', '2015-07-31 22:18:55'),
(608, 10, 'Evan Dela Pena', 0, 0, 38, 26, 0, 0, '2015-07-31 15:15:28', '2015-07-31 22:18:53'),
(609, 10, 'Venus Duran', 0, 0, 38, 25, 0, 0, '2015-07-31 15:15:40', '2015-07-31 22:18:50'),
(610, 10, 'Kristine Basbacio', 0, 0, 38, 25, 0, 0, '2015-07-31 15:15:56', '2015-07-31 22:18:46'),
(611, 10, 'Rex Jimenez', 0, 0, 0, 0, 25, 0, '2015-07-31 15:38:02', '2015-07-31 16:00:49'),
(612, 10, 'Carmela', 0, 0, 0, 0, 25, 0, '2015-07-31 15:57:39', '2015-07-31 15:58:10'),
(613, 10, 'Carmela', 0, 0, 0, 25, 25, 0, '2015-07-31 15:58:53', '2015-07-31 22:18:43'),
(614, 10, 'Rex Jimenez', 0, 0, 0, 26, 25, 0, '2015-07-31 16:01:04', '2015-07-31 22:18:40'),
(615, 8, 'Jesabel Mangampo', 0, 52, 37, 0, 0, 0, '2015-07-31 16:44:51', '2015-07-31 22:18:37'),
(616, 8, 'Alex Bartolata', 0, 51, 38, 0, 0, 0, '2015-07-31 16:45:19', '2015-07-31 22:18:32'),
(617, 8, 'Jackson Bande', 0, 52, 38, 0, 0, 0, '2015-07-31 16:45:45', '2015-07-31 22:18:29'),
(618, 8, 'Ruben Bajaro', 0, 51, 37, 0, 0, 0, '2015-07-31 16:46:14', '2015-07-31 16:46:17'),
(619, 8, 'Ruben Bajaro', 0, 51, 37, 0, 25, 0, '2015-07-31 16:46:31', '2015-07-31 22:18:27'),
(620, 8, 'Jason Llanera', 0, 52, 38, 0, 0, 0, '2015-07-31 16:46:53', '2015-07-31 22:18:25'),
(621, 8, 'Christian Menes', 0, 0, 0, 0, 25, 0, '2015-07-31 16:47:07', '2015-07-31 22:18:23'),
(622, 8, 'Sherwin De Lumen', 0, 51, 37, 0, 25, 0, '2015-07-31 16:47:22', '2015-07-31 22:18:20'),
(623, 10, 'Stacy Zaballa', 0, 0, 0, 0, 25, 0, '2015-07-31 17:02:13', '2015-07-31 22:18:16'),
(624, 10, 'Johnel Balaoro', 0, 0, 39, 28, 0, 0, '2015-08-01 09:52:18', '2015-08-02 09:56:39'),
(625, 10, 'Miko Anahaw', 0, 0, 40, 27, 0, 0, '2015-08-01 09:52:33', '2015-08-02 09:56:28'),
(626, 10, 'Joanne Perez', 0, 0, 40, 28, 0, 0, '2015-08-01 09:52:45', '2015-08-02 09:56:23'),
(627, 10, 'Jedidiah Ferrer', 0, 0, 40, 27, 0, 0, '2015-08-01 09:52:59', '2015-08-02 09:56:14'),
(628, 10, 'Aries Traquena', 0, 0, 40, 28, 0, 0, '2015-08-01 09:53:13', '2015-08-02 09:56:10'),
(629, 10, 'Josef Advincula', 0, 0, 39, 0, 0, 0, '2015-08-01 09:53:21', '2015-08-02 09:56:06'),
(630, 10, 'Guia Alarkon', 0, 54, 0, 27, 0, 0, '2015-08-01 09:53:31', '2015-08-02 09:55:58'),
(631, 10, 'Christopher Deocareza', 0, 54, 0, 29, 0, 0, '2015-08-01 09:53:52', '2015-08-02 09:55:54'),
(632, 10, 'Julie Nieva', 0, 0, 39, 29, 0, 0, '2015-08-01 09:55:10', '2015-08-02 09:55:46'),
(633, 10, 'William Anonuevo', 0, 0, 39, 27, 0, 0, '2015-08-01 10:20:23', '2015-08-02 09:55:41'),
(634, 10, 'Alexander Bellen', 0, 0, 39, 29, 0, 0, '2015-08-01 10:20:33', '2015-08-02 09:55:38'),
(635, 10, 'Leslie Gaveria', 0, 0, 0, 27, 0, 0, '2015-08-01 10:20:43', '2015-08-02 09:55:32'),
(636, 10, 'Leslie Gaveria', 0, 0, 39, 0, 0, 0, '2015-08-01 10:20:53', '2015-08-02 09:55:27'),
(637, 10, 'John Tenedero', 0, 0, 40, 27, 0, 0, '2015-08-01 10:30:57', '2015-08-02 09:55:15'),
(638, 10, 'Mikee Encinas', 0, 0, 39, 27, 0, 0, '2015-08-01 10:31:08', '2015-08-02 09:55:06'),
(639, 10, 'Sherry Albaytar', 0, 0, 40, 28, 0, 0, '2015-08-01 10:31:20', '2015-08-02 09:55:01'),
(640, 8, 'Jesabel Mangampo', 0, 54, 39, 0, 0, 0, '2015-08-01 10:42:40', '2015-08-02 09:54:55'),
(641, 8, 'Alex Bartolata', 0, 53, 40, 0, 0, 0, '2015-08-01 10:43:09', '2015-08-02 09:54:48'),
(642, 8, 'Jason Llanera', 0, 54, 39, 0, 0, 0, '2015-08-01 10:43:28', '2015-08-02 09:54:43'),
(643, 8, 'Ruben Bajaro', 0, 54, 39, 0, 26, 0, '2015-08-01 10:44:59', '2015-08-02 09:54:34'),
(644, 8, 'Jacksoon Bande', 0, 54, 39, 0, 0, 0, '2015-08-01 10:45:14', '2015-08-02 09:54:29'),
(645, 8, 'Sherwin De Lumen', 0, 53, 39, 0, 26, 0, '2015-08-01 10:45:33', '2015-08-02 09:54:25'),
(646, 8, 'Christian Menes', 0, 0, 0, 0, 26, 0, '2015-08-01 10:45:45', '2015-08-02 09:54:20'),
(647, 8, 'Lomerano Pajes', 0, 53, 39, 0, 0, 0, '2015-08-01 10:47:08', '2015-08-02 09:54:16'),
(648, 7, 'Marjorie Javellana', 0, 0, 40, 27, 0, 0, '2015-08-01 11:18:11', '2015-08-02 09:54:11'),
(649, 7, 'Juvynel Luzon', 0, 0, 39, 28, 0, 0, '2015-08-01 11:18:37', '2015-08-02 09:54:06'),
(650, 7, 'Edelyn Ajero', 0, 0, 39, 28, 0, 0, '2015-08-01 11:18:59', '2015-08-02 09:54:01'),
(651, 7, 'Maylyn Loteyro', 0, 0, 39, 27, 0, 0, '2015-08-01 11:20:21', '2015-08-02 09:53:57'),
(652, 7, 'Anne Datun', 0, 0, 39, 28, 0, 0, '2015-08-01 11:21:30', '2015-08-02 09:53:51'),
(653, 7, 'Michael Kim Silot', 0, 0, 40, 27, 0, 0, '2015-08-01 11:22:12', '2015-08-02 09:53:45'),
(654, 7, 'Cyril Alpajaro', 0, 0, 39, 29, 0, 0, '2015-08-01 11:24:35', '2015-08-02 09:53:40'),
(655, 7, 'Erwin Ryan Inacay', 0, 0, 39, 27, 0, 0, '2015-08-01 11:25:06', '2015-08-02 09:53:35'),
(656, 7, 'Krisna Miranda', 0, 0, 39, 28, 0, 0, '2015-08-01 11:25:23', '2015-08-02 09:53:30'),
(657, 7, 'Maria Jesusa Donna Nuyles', 0, 0, 39, 29, 0, 0, '2015-08-01 11:25:42', '2015-08-02 09:53:23'),
(658, 7, 'Rey-an Llaguno', 0, 0, 39, 28, 0, 0, '2015-08-01 11:26:33', '2015-08-02 09:53:19'),
(659, 7, 'Leny Rejuso', 0, 0, 39, 28, 0, 0, '2015-08-01 11:26:56', '2015-08-02 09:53:14'),
(660, 7, 'Ray Ian Raviz', 0, 0, 0, 28, 26, 0, '2015-08-01 11:27:49', '2015-08-02 09:53:09'),
(661, 7, 'Ronj John Villanueva', 0, 0, 0, 28, 26, 0, '2015-08-01 11:28:16', '2015-08-02 09:53:04'),
(662, 10, 'Josef Advincula', 0, 0, 0, 27, 0, 0, '2015-08-01 12:42:05', '2015-08-02 09:53:00'),
(663, 10, 'Ismael Bilarma', 0, 0, 39, 27, 0, 0, '2015-08-01 15:08:39', '2015-08-02 09:52:55'),
(664, 10, 'Jonathan Placer', 0, 0, 40, 28, 0, 0, '2015-08-01 15:09:17', '2015-08-02 09:52:49'),
(665, 10, 'Evan Dela Pena', 0, 0, 39, 27, 0, 0, '2015-08-01 15:09:30', '2015-08-02 09:52:43'),
(666, 10, 'Vicente Repolles', 0, 0, 40, 27, 0, 0, '2015-08-01 15:11:00', '2015-08-02 09:52:37'),
(667, 10, 'Lea Ranoco', 0, 54, 0, 29, 0, 0, '2015-08-01 15:11:15', '2015-08-02 09:52:32'),
(668, 10, 'Christian Marana', 0, 53, 0, 28, 0, 0, '2015-08-01 15:12:27', '2015-08-02 09:52:28'),
(669, 10, 'Kristine Basbacio', 0, 0, 39, 27, 0, 0, '2015-08-01 15:23:05', '2015-08-02 09:52:23'),
(670, 10, 'Rex Jimenez', 0, 0, 0, 29, 26, 0, '2015-08-01 15:35:41', '2015-08-02 09:52:18'),
(671, 10, 'Karla Morta', 0, 54, 0, 29, 0, 0, '2015-08-01 16:59:37', '2015-08-02 09:52:12'),
(672, 10, 'Imee Olarte', 0, 53, 0, 27, 0, 0, '2015-08-01 16:59:45', '2015-08-02 09:52:09'),
(673, 10, 'Stacy Zaballa', 0, 0, 0, 27, 26, 0, '2015-08-01 17:00:09', '2015-08-02 09:52:03'),
(674, 10, 'Raymund Naz', 0, 0, 0, 29, 26, 0, '2015-08-01 17:00:11', '2015-08-02 09:51:59'),
(675, 4, 'Rhea Benitez', 0, 0, 39, 29, 0, 0, '2015-08-01 17:31:00', '2015-08-02 09:51:56'),
(676, 4, 'Elmer Arana', 0, 0, 40, 29, 26, 0, '2015-08-01 17:31:28', '2015-08-02 09:51:48'),
(677, 4, 'Mave Rick Villar', 0, 0, 39, 29, 26, 0, '2015-08-01 17:31:59', '2015-08-02 09:51:42'),
(678, 4, 'Mark Sevillano', 0, 0, 39, 28, 0, 0, '2015-08-01 17:32:33', '2015-08-02 09:51:35'),
(679, 4, 'Richard Banta', 0, 0, 40, 29, 0, 0, '2015-08-01 17:33:03', '2015-08-02 09:51:27'),
(680, 4, 'Daryl Joyce Lopez', 0, 0, 40, 29, 0, 0, '2015-08-01 17:33:35', '2015-08-02 09:51:21'),
(681, 4, 'Johncis Belista', 0, 0, 0, 0, 26, 0, '2015-08-01 17:33:55', '2015-08-02 09:51:14'),
(682, 4, 'Jordan Muyna', 0, 0, 39, 29, 0, 0, '2015-08-01 17:34:10', '2015-08-02 09:51:06'),
(683, 4, 'Micko', 0, 0, 0, 0, 26, 0, '2015-08-01 17:34:18', '2015-08-02 09:50:59'),
(684, 4, 'Ryan', 0, 0, 0, 0, 26, 0, '2015-08-01 17:34:26', '2015-08-02 09:50:54'),
(685, 4, 'Alex', 0, 0, 0, 0, 26, 0, '2015-08-01 17:34:33', '2015-08-02 09:50:47'),
(686, 7, 'Michael Kim Silot', 0, 0, 41, 31, 0, 0, '2015-08-03 10:38:14', '2015-08-03 22:57:53'),
(687, 7, 'Mae Bartolabac', 0, 0, 41, 31, 0, 0, '2015-08-03 10:38:38', '2015-08-03 22:57:51'),
(688, 7, 'Krisna Miranda', 0, 0, 41, 31, 0, 0, '2015-08-03 10:38:55', '2015-08-03 22:57:54'),
(689, 7, 'Juvynel Luzon', 0, 0, 42, 31, 0, 0, '2015-08-03 10:39:18', '2015-08-03 22:57:49'),
(690, 7, 'Rey-an Llaguno', 0, 0, 42, 32, 0, 0, '2015-08-03 10:39:39', '2015-08-03 22:57:48'),
(691, 7, 'Leny Rejuso', 0, 0, 42, 32, 0, 0, '2015-08-03 10:40:02', '2015-08-03 22:57:47'),
(692, 7, 'Maria Jesusa Donna Nuyles', 0, 0, 41, 32, 0, 0, '2015-08-03 10:41:18', '2015-08-03 22:57:46'),
(693, 7, 'Robert Duncan', 0, 0, 41, 30, 0, 0, '2015-08-03 10:41:52', '2015-08-03 22:57:45'),
(694, 7, 'Marjorie Javellana', 0, 0, 42, 32, 0, 0, '2015-08-03 10:42:31', '2015-08-03 22:57:43'),
(695, 7, 'Edelyn Ajero', 0, 0, 42, 31, 0, 0, '2015-08-03 10:42:51', '2015-08-03 22:57:42'),
(696, 7, 'Anne Datun', 0, 0, 42, 31, 0, 0, '2015-08-03 10:43:11', '2015-08-03 22:57:41'),
(697, 7, 'Maylyn Loteyro', 0, 0, 41, 31, 0, 0, '2015-08-03 10:43:35', '2015-08-03 22:57:41'),
(698, 7, 'Erwin Ryan Inacay', 0, 0, 41, 32, 0, 0, '2015-08-03 10:44:22', '2015-08-03 22:57:40'),
(699, 9, 'Ramil Moral', 0, 0, 42, 0, 0, 0, '2015-08-03 10:45:05', '2015-08-03 22:57:38'),
(700, 9, 'Mark Vargas', 0, 0, 42, 0, 0, 0, '2015-08-03 10:45:19', '2015-08-03 22:57:35'),
(701, 3, 'jiji', 0, 0, 0, 0, 0, 0, '2015-08-03 11:12:47', '2015-08-03 11:16:35'),
(702, 3, 'iuiuiuiui', 0, 0, 0, 0, 0, 0, '2015-08-03 11:16:42', '2015-08-03 11:23:08'),
(703, 3, 'jijiji', 0, 55, 0, 0, 0, 5, '2015-08-03 11:21:56', '2015-08-03 11:23:05'),
(704, 4, 'jljlijil', 0, 55, 0, 0, 0, 5, '2015-08-03 11:24:27', '2015-08-03 11:24:52'),
(705, 6, 'Richard Alamer', 0, 0, 42, 32, 0, 0, '2015-08-03 11:29:00', '2015-08-03 22:57:33'),
(706, 6, 'Justin Belga', 0, 0, 42, 32, 0, 0, '2015-08-03 11:29:12', '2015-08-03 22:57:31'),
(707, 6, 'Jeric Millena', 0, 0, 0, 32, 0, 0, '2015-08-03 11:29:48', '2015-08-03 22:57:26'),
(708, 6, 'Jeric Millena', 0, 0, 0, 31, 0, 0, '2015-08-03 11:30:03', '2015-08-03 22:57:28'),
(709, 6, 'Cristy Jaranilla', 0, 0, 0, 32, 0, 0, '2015-08-03 11:30:25', '2015-08-03 22:57:21'),
(710, 6, 'Joshua Ruiz', 0, 0, 42, 32, 27, 0, '2015-08-03 11:31:19', '2015-08-03 22:57:16'),
(711, 6, 'Joshua Ruiz', 0, 0, 0, 31, 0, 0, '2015-08-03 11:31:57', '2015-08-03 22:57:03'),
(712, 10, 'Lea Ranoco', 0, 0, 42, 30, 0, 0, '2015-08-03 11:38:36', '2015-08-03 22:57:02'),
(713, 10, 'Leslie Gaveria', 0, 0, 41, 30, 0, 0, '2015-08-03 11:59:07', '2015-08-03 22:57:01'),
(714, 10, 'William Anonuevo', 0, 0, 42, 30, 0, 0, '2015-08-03 11:59:19', '2015-08-03 22:57:00'),
(715, 10, 'Alexander Bellen', 0, 0, 41, 30, 0, 0, '2015-08-03 11:59:29', '2015-08-03 22:56:59'),
(716, 10, 'Ismael Bilarma', 0, 0, 41, 30, 0, 0, '2015-08-03 11:59:39', '2015-08-03 22:56:58'),
(717, 4, 'Rhea Benitez', 0, 0, 41, 31, 0, 0, '2015-08-03 12:08:01', '2015-08-03 22:56:57'),
(718, 4, 'Richard Banta', 0, 0, 41, 32, 0, 0, '2015-08-03 12:08:17', '2015-08-03 22:56:55'),
(719, 4, 'Mark Sevillano', 0, 0, 41, 32, 0, 0, '2015-08-03 12:08:34', '2015-08-03 22:56:54'),
(720, 4, 'Elmer Arana', 0, 0, 41, 31, 27, 0, '2015-08-03 12:09:01', '2015-08-03 22:56:52'),
(721, 4, 'Daryl Joyce Lopez', 0, 0, 42, 32, 0, 0, '2015-08-03 12:09:27', '2015-08-03 22:56:51'),
(722, 10, 'Julie Nieva', 0, 0, 41, 30, 0, 0, '2015-08-03 12:37:46', '2015-08-03 22:56:49'),
(723, 10, 'Guia Alarkon', 0, 55, 0, 30, 0, 0, '2015-08-03 12:38:01', '2015-08-03 22:56:47'),
(724, 10, 'Aries Traquena', 0, 0, 41, 31, 0, 0, '2015-08-03 12:38:16', '2015-08-03 22:56:45'),
(725, 10, 'Joanne Perez', 0, 0, 41, 31, 0, 0, '2015-08-03 12:38:28', '2015-08-03 22:56:44'),
(726, 10, 'Josef Advincula', 0, 0, 41, 32, 0, 0, '2015-08-03 12:38:43', '2015-08-03 22:56:43'),
(727, 10, 'Miko Anahaw', 0, 0, 41, 30, 0, 0, '2015-08-03 12:38:57', '2015-08-03 22:56:42'),
(728, 10, 'Christopher Deocareza', 0, 0, 42, 31, 0, 0, '2015-08-03 12:39:15', '2015-08-03 22:56:40'),
(729, 10, 'Jedidiah Ferrer', 0, 0, 42, 31, 0, 0, '2015-08-03 12:39:30', '2015-08-03 22:56:40'),
(730, 10, 'Johnel Balaoro', 0, 0, 41, 30, 0, 0, '2015-08-03 12:41:12', '2015-08-03 22:56:39'),
(731, 10, 'Amit', 0, 0, 0, 30, 0, 0, '2015-08-03 12:41:26', '2015-08-03 22:56:38'),
(732, 10, 'Evan Dela Pena', 0, 0, 41, 32, 0, 0, '2015-08-03 12:41:56', '2015-08-03 22:56:37'),
(733, 10, 'Dexter Senier', 0, 0, 42, 30, 0, 0, '2015-08-03 12:42:25', '2015-08-03 22:56:35'),
(734, 10, 'Jonathan Placer', 0, 0, 42, 32, 0, 0, '2015-08-03 12:42:46', '2015-08-03 22:56:34');
INSERT INTO `orders` (`id`, `user_id`, `employee`, `status`, `breakfast_id`, `lunch_id`, `snack_id`, `dinner_id`, `midnight_snack_id`, `created`, `modified`) VALUES
(735, 10, 'Ian Lleva', 0, 0, 42, 32, 0, 0, '2015-08-03 12:43:00', '2015-08-03 22:56:33'),
(736, 10, 'Christian Marana', 0, 0, 41, 32, 0, 0, '2015-08-03 12:43:14', '2015-08-03 22:56:32'),
(737, 10, 'Kristine Basbacio', 0, 0, 41, 30, 0, 0, '2015-08-03 12:43:29', '2015-08-03 22:56:29'),
(738, 10, 'Vicente Repolles', 0, 0, 42, 30, 0, 0, '2015-08-03 12:43:42', '2015-08-03 22:56:28'),
(739, 10, 'Mikee Encinas', 0, 0, 42, 30, 0, 0, '2015-08-03 12:43:54', '2015-08-03 22:56:27'),
(740, 10, 'Sherry Albaytar', 0, 0, 42, 31, 0, 0, '2015-08-03 12:44:06', '2015-08-03 22:56:25'),
(741, 10, 'John Tenedero', 0, 0, 41, 32, 0, 0, '2015-08-03 12:44:19', '2015-08-03 22:56:24'),
(742, 10, 'Quartz Cabalquinto', 0, 0, 41, 30, 0, 0, '2015-08-03 12:44:40', '2015-08-03 22:56:23'),
(743, 7, 'Marjorie Javellana', 0, 0, 41, 0, 0, 0, '2015-08-03 13:38:54', '2015-08-03 22:56:23'),
(744, 7, 'Francisco Gonzalez Jr.', 0, 0, 0, 32, 27, 0, '2015-08-03 14:15:04', '2015-08-03 14:30:10'),
(745, 7, 'Francisco Gonzalez Jr.', 0, 0, 0, 31, 27, 0, '2015-08-03 14:31:28', '2015-08-03 22:56:21'),
(746, 7, 'Ron John Villanueva', 0, 0, 0, 30, 27, 0, '2015-08-03 14:31:58', '2015-08-03 22:56:20'),
(747, 7, 'Ray Ian Raviz', 0, 0, 0, 31, 27, 0, '2015-08-03 14:32:22', '2015-08-03 22:56:17'),
(748, 10, 'Raymund', 0, 0, 0, 31, 27, 0, '2015-08-03 15:42:21', '2015-08-03 22:56:15'),
(749, 10, 'Karla Morta', 0, 55, 0, 30, 0, 0, '2015-08-03 15:53:25', '2015-08-03 22:56:14'),
(750, 10, 'Imee Olarte', 0, 56, 0, 31, 0, 0, '2015-08-03 15:53:39', '2015-08-03 22:56:11'),
(751, 10, 'Stacy Zaballa', 0, 0, 0, 32, 27, 0, '2015-08-03 16:55:39', '2015-08-03 22:56:10'),
(752, 8, 'Jesabel Mangampo', 0, 55, 41, 0, 0, 0, '2015-08-03 16:57:12', '2015-08-03 22:56:08'),
(753, 8, 'Alex Bartolata', 0, 56, 42, 0, 0, 0, '2015-08-03 16:57:35', '2015-08-03 22:56:07'),
(754, 8, 'Jason Llanera', 0, 55, 41, 0, 0, 0, '2015-08-03 16:57:57', '2015-08-03 22:56:06'),
(755, 8, 'Johnson Bande', 0, 55, 42, 0, 0, 0, '2015-08-03 16:58:24', '2015-08-03 22:56:05'),
(756, 8, 'Ruben Bajaro', 0, 56, 42, 0, 27, 0, '2015-08-03 16:58:47', '2015-08-03 22:56:04'),
(757, 8, 'Sherwin Delumen', 0, 55, 41, 0, 27, 0, '2015-08-03 16:59:08', '2015-08-03 22:56:02'),
(758, 8, 'Lomerano Pajes', 0, 55, 42, 0, 0, 0, '2015-08-03 16:59:28', '2015-08-03 22:55:46'),
(759, 8, 'Christian Menes', 0, 0, 0, 0, 27, 0, '2015-08-03 16:59:41', '2015-08-03 22:55:45'),
(760, 4, 'Elmer Araña', 0, 0, 41, 31, 0, 0, '2015-08-03 17:04:41', '2015-08-03 22:55:44'),
(761, 4, 'Ryan', 0, 0, 0, 0, 27, 0, '2015-08-03 17:04:52', '2015-08-03 22:55:43'),
(762, 4, 'Johncis Belista', 0, 0, 0, 0, 27, 0, '2015-08-03 17:05:01', '2015-08-03 22:55:42'),
(763, 4, 'Alex', 0, 0, 0, 0, 27, 0, '2015-08-03 17:05:32', '2015-08-03 22:55:41'),
(764, 4, 'Micko', 0, 0, 0, 0, 27, 0, '2015-08-03 17:05:46', '2015-08-03 22:55:40'),
(765, 4, 'Maverick Villar', 0, 0, 41, 32, 27, 0, '2015-08-03 21:53:45', '2015-08-03 22:55:38'),
(766, 4, 'Saturnino Adrales', 0, 0, 41, 32, 27, 0, '2015-08-03 22:00:41', '2015-08-03 22:55:35'),
(767, 4, 'Nia Kristel Adrales', 0, 0, 0, 31, 27, 0, '2015-08-03 22:01:00', '2015-08-03 22:55:33'),
(768, 8, 'Jesabel Mangampo', 0, 58, 43, 0, 0, 0, '2015-08-04 10:34:02', '2015-08-04 19:20:01'),
(769, 8, 'Alex Bartolata', 0, 57, 44, 0, 0, 0, '2015-08-04 10:34:25', '2015-08-04 19:20:00'),
(770, 8, 'Jason Llanera', 0, 58, 43, 0, 0, 0, '2015-08-04 10:34:51', '2015-08-04 19:19:59'),
(771, 8, 'Johnson Bande', 0, 57, 43, 0, 0, 0, '2015-08-04 10:35:12', '2015-08-04 19:19:57'),
(772, 8, 'Lomerano Pajes', 0, 57, 44, 0, 0, 0, '2015-08-04 10:35:30', '2015-08-04 19:19:55'),
(773, 8, 'Sherwin Delumen', 0, 57, 44, 0, 28, 0, '2015-08-04 10:35:44', '2015-08-04 19:19:54'),
(774, 8, 'Ruben Bajaro', 0, 58, 43, 0, 28, 0, '2015-08-04 10:36:01', '2015-08-04 19:19:53'),
(775, 8, 'Christian Menes', 0, 0, 0, 0, 28, 0, '2015-08-04 10:36:21', '2015-08-04 19:19:52'),
(776, 7, 'Leny Rejuso', 0, 0, 43, 33, 0, 0, '2015-08-04 11:13:55', '2015-08-04 19:19:51'),
(777, 7, 'Erwin Ryan Inacay', 0, 0, 43, 36, 0, 0, '2015-08-04 11:15:00', '2015-08-04 19:19:49'),
(778, 7, 'Marjorie Javellana', 0, 0, 43, 36, 0, 0, '2015-08-04 11:15:51', '2015-08-04 19:19:48'),
(779, 7, 'Robert Duncan', 0, 0, 43, 36, 0, 0, '2015-08-04 11:16:20', '2015-08-04 19:19:47'),
(780, 7, 'Maria Jesusa Donna Nuyles', 0, 0, 43, 35, 0, 0, '2015-08-04 11:16:41', '2015-08-04 19:19:41'),
(781, 7, 'Juvynel Luzon', 0, 0, 44, 36, 0, 0, '2015-08-04 11:17:09', '2015-08-04 19:19:40'),
(782, 7, 'Rey-an Llaguno', 0, 0, 43, 36, 0, 0, '2015-08-04 11:18:42', '2015-08-04 19:19:39'),
(783, 7, 'Cyril Alpajaro', 0, 0, 44, 36, 0, 0, '2015-08-04 11:20:58', '2015-08-04 19:19:38'),
(784, 7, 'Mae Bartolabac', 0, 0, 44, 36, 0, 0, '2015-08-04 11:21:22', '2015-08-04 19:19:36'),
(785, 7, 'Krisna Miranda', 0, 0, 43, 36, 0, 0, '2015-08-04 11:23:39', '2015-08-04 19:19:35'),
(786, 7, 'Michael Kim Silot', 0, 0, 44, 35, 0, 0, '2015-08-04 11:24:01', '2015-08-04 19:19:34'),
(787, 7, 'Anne Datun', 0, 0, 43, 35, 0, 0, '2015-08-04 11:24:34', '2015-08-04 19:19:33'),
(788, 7, 'Edelyn Ajero', 0, 0, 43, 35, 0, 0, '2015-08-04 11:26:08', '2015-08-04 19:19:32'),
(789, 7, 'Maylyn Loteyro', 0, 0, 43, 35, 0, 0, '2015-08-04 11:26:49', '2015-08-04 19:19:30'),
(790, 10, 'Julie Nieva', 0, 0, 43, 36, 0, 0, '2015-08-04 11:34:46', '2015-08-04 19:19:29'),
(791, 10, 'Lea Ranoco', 0, 57, 0, 36, 0, 0, '2015-08-04 11:37:17', '2015-08-04 19:19:24'),
(792, 10, 'Johnel Balaoro', 0, 0, 43, 36, 0, 0, '2015-08-04 11:37:58', '2015-08-04 19:19:23'),
(793, 10, 'Karla Morta', 0, 58, 0, 35, 0, 0, '2015-08-04 11:41:22', '2015-08-04 19:19:22'),
(794, 10, 'Imee Olarte', 0, 58, 0, 35, 0, 0, '2015-08-04 11:41:31', '2015-08-04 19:19:21'),
(795, 10, 'Mikee Encinas', 0, 0, 43, 35, 0, 0, '2015-08-04 11:51:10', '2015-08-04 19:19:20'),
(796, 10, 'Quartz Cabalquinto', 0, 0, 44, 33, 0, 0, '2015-08-04 11:51:18', '2015-08-04 19:19:20'),
(797, 10, 'John Tenedero', 0, 0, 44, 35, 0, 0, '2015-08-04 11:51:29', '2015-08-04 19:19:19'),
(798, 10, 'Sherry Albaytar', 0, 0, 43, 33, 0, 0, '2015-08-04 11:51:39', '2015-08-04 19:19:18'),
(799, 4, 'Rhea Benitez', 0, 0, 43, 35, 0, 0, '2015-08-04 12:49:11', '2015-08-04 19:19:17'),
(800, 4, 'Elmer Arana', 0, 0, 43, 36, 0, 0, '2015-08-04 12:50:20', '2015-08-04 19:19:16'),
(801, 4, 'Richard Banta', 0, 0, 43, 36, 0, 0, '2015-08-04 12:50:39', '2015-08-04 19:19:16'),
(802, 4, 'Mark Sevillano', 0, 0, 43, 36, 0, 0, '2015-08-04 12:50:56', '2015-08-04 19:19:14'),
(803, 4, 'Mave Rick Villar', 0, 0, 44, 36, 0, 0, '2015-08-04 12:51:13', '2015-08-04 19:19:14'),
(804, 4, 'Daryl Joyce Lopez', 0, 0, 43, 35, 0, 0, '2015-08-04 12:51:28', '2015-08-04 19:19:13'),
(805, 4, 'Jordan Muyna', 0, 0, 43, 36, 0, 0, '2015-08-04 12:51:54', '2015-08-04 19:19:12'),
(806, 4, 'Johncis Belista', 0, 0, 0, 0, 28, 0, '2015-08-04 12:52:08', '2015-08-04 19:19:12'),
(807, 4, 'Micko', 0, 0, 0, 0, 28, 0, '2015-08-04 12:52:16', '2015-08-04 19:19:11'),
(808, 4, 'Alex', 0, 0, 0, 0, 28, 0, '2015-08-04 12:52:29', '2015-08-04 19:19:10'),
(809, 4, 'Ryan', 0, 0, 0, 0, 28, 0, '2015-08-04 12:52:45', '2015-08-04 19:19:09'),
(810, 3, 'Ismael Bilarma', 0, 0, 43, 36, 0, 0, '2015-08-04 13:07:58', '2015-08-04 19:19:08'),
(811, 10, 'Ismael Bilarma', 0, 0, 43, 36, 0, 0, '2015-08-04 13:08:16', '2015-08-04 19:19:08'),
(812, 10, 'Leslie Gaveria', 0, 0, 43, 36, 0, 0, '2015-08-04 13:08:29', '2015-08-04 19:19:07'),
(813, 10, 'Alexander Bellen', 0, 0, 44, 33, 0, 0, '2015-08-04 13:08:40', '2015-08-04 19:19:05'),
(814, 10, 'William Anonuevo', 0, 0, 43, 36, 0, 0, '2015-08-04 13:08:53', '2015-08-04 19:19:04'),
(815, 10, 'Josef Advincula', 0, 57, 0, 36, 0, 0, '2015-08-04 13:16:01', '2015-08-04 19:19:02'),
(816, 10, 'Christopher Deocareza', 0, 0, 43, 35, 0, 0, '2015-08-04 13:16:24', '2015-08-04 19:19:01'),
(817, 10, 'Aries Traquena', 0, 0, 44, 33, 0, 0, '2015-08-04 13:16:39', '2015-08-04 19:19:00'),
(818, 10, 'Miko Anahaw', 0, 0, 44, 33, 0, 0, '2015-08-04 13:16:52', '2015-08-04 19:18:59'),
(819, 10, 'Jedidiah Ferrer', 0, 0, 44, 36, 0, 0, '2015-08-04 13:17:09', '2015-08-04 19:18:57'),
(820, 10, 'Joanne Perez', 0, 0, 44, 33, 0, 0, '2015-08-04 13:17:28', '2015-08-04 19:18:56'),
(821, 10, 'Guia Alarkon', 0, 57, 0, 36, 0, 0, '2015-08-04 14:25:20', '2015-08-04 19:18:55'),
(822, 7, 'Kristine Gonzales', 0, 57, 0, 36, 0, 0, '2015-08-04 14:27:18', '2015-08-04 19:18:53'),
(823, 9, 'Ramil Moral', 0, 0, 44, 0, 0, 0, '2015-08-04 14:33:15', '2015-08-04 19:18:51'),
(824, 9, 'Mark Vargas', 0, 0, 44, 0, 0, 0, '2015-08-04 14:33:22', '2015-08-04 14:33:41'),
(825, 9, 'Mark Vargas', 0, 0, 44, 0, 0, 0, '2015-08-04 14:33:35', '2015-08-04 19:18:50'),
(826, 10, 'Carmela', 0, 0, 0, 0, 28, 0, '2015-08-04 15:13:37', '2015-08-04 19:18:48'),
(827, 10, 'Rosan Macinas ', 0, 0, 43, 36, 0, 0, '2015-08-04 15:14:42', '2015-08-04 19:18:46'),
(828, 10, '', 0, 0, 0, 33, 28, 0, '2015-08-04 16:20:58', '2015-08-04 19:18:45'),
(829, 10, 'Carmela', 0, 0, 0, 33, 28, 0, '2015-08-04 16:51:49', '2015-08-04 19:18:43'),
(830, 10, 'Vicente Repolles', 0, 0, 43, 35, 0, 0, '2015-08-04 16:51:52', '2015-08-04 19:18:42'),
(831, 10, 'Christian Marana', 0, 58, 0, 35, 0, 0, '2015-08-04 16:53:38', '2015-08-04 19:18:40'),
(832, 10, 'Dexter Senier', 0, 0, 44, 33, 0, 0, '2015-08-04 16:54:01', '2015-08-04 19:18:39'),
(833, 10, 'Ian Lleva', 0, 0, 44, 33, 0, 0, '2015-08-04 16:54:27', '2015-08-04 19:18:38'),
(834, 10, 'Amit', 0, 0, 0, 36, 0, 0, '2015-08-04 16:54:37', '2015-08-04 19:18:37'),
(835, 10, 'Jonathan Placer', 0, 0, 44, 36, 0, 0, '2015-08-04 16:54:52', '2015-08-04 19:18:36'),
(836, 10, 'Evan Dela Pena', 0, 0, 44, 35, 0, 0, '2015-08-04 16:55:07', '2015-08-04 19:18:34'),
(837, 7, 'erwin ryan inacay', 0, 0, 45, 37, 0, 0, '2015-08-05 10:44:51', '2015-08-05 18:25:32'),
(838, 7, 'Marjorie Javellana', 0, 0, 46, 39, 0, 0, '2015-08-05 10:45:49', '2015-08-05 18:25:30'),
(839, 7, 'Robert Duncan', 0, 0, 46, 39, 0, 0, '2015-08-05 10:46:23', '2015-08-05 18:25:28'),
(840, 7, 'Maria Jesusa Donna Nuyles', 0, 0, 46, 37, 0, 0, '2015-08-05 10:47:05', '2015-08-05 18:25:25'),
(841, 7, 'Kristine Gonzales', 0, 59, 0, 39, 0, 0, '2015-08-05 10:47:30', '2015-08-05 18:25:23'),
(842, 7, 'Rey-an Llaguno', 0, 0, 46, 39, 0, 0, '2015-08-05 10:48:11', '2015-08-05 18:25:20'),
(843, 7, 'Leny Rejuso', 0, 0, 46, 39, 0, 0, '2015-08-05 10:48:36', '2015-08-05 18:25:18'),
(844, 7, 'Juvynel Luzon', 0, 0, 46, 37, 0, 0, '2015-08-05 10:49:12', '2015-08-05 18:25:16'),
(845, 7, 'Krisna Miranda', 0, 0, 45, 38, 0, 0, '2015-08-05 10:49:40', '2015-08-05 18:25:13'),
(846, 7, 'Mae Bartolabac', 0, 0, 46, 37, 0, 0, '2015-08-05 10:50:13', '2015-08-05 18:25:11'),
(847, 7, ' Micahael Kim Silot', 0, 0, 46, 39, 0, 0, '2015-08-05 10:50:54', '2015-08-05 18:25:08'),
(848, 7, 'Cyrill Alpajaro', 0, 0, 45, 39, 0, 0, '2015-08-05 10:53:07', '2015-08-05 18:25:06'),
(849, 7, 'Edelyn Ajero', 0, 0, 46, 38, 0, 0, '2015-08-05 10:53:37', '2015-08-05 18:25:04'),
(850, 7, 'Anne Datun', 0, 0, 46, 38, 0, 0, '2015-08-05 10:54:15', '2015-08-05 18:25:01'),
(851, 7, 'Maylyn Loteyro', 0, 0, 46, 39, 0, 0, '2015-08-05 10:54:38', '2015-08-05 18:24:58'),
(852, 10, 'Julie Nieva', 0, 0, 46, 37, 0, 0, '2015-08-05 11:07:56', '2015-08-05 18:24:56'),
(853, 10, 'Karla Morta', 0, 59, 0, 39, 0, 0, '2015-08-05 11:08:08', '2015-08-05 18:24:54'),
(854, 10, 'Imee Olarte', 0, 60, 0, 39, 0, 0, '2015-08-05 11:08:24', '2015-08-05 11:35:56'),
(855, 10, 'Kristine Basbacio', 0, 0, 46, 37, 0, 0, '2015-08-05 11:25:35', '2015-08-05 18:24:52'),
(856, 10, 'Vicente Repolles', 0, 0, 46, 39, 0, 0, '2015-08-05 11:25:49', '2015-08-05 18:24:50'),
(857, 10, 'Johnel Balaoro', 0, 0, 46, 38, 0, 0, '2015-08-05 11:35:35', '2015-08-05 18:24:47'),
(858, 10, 'Rosan Macinas ', 0, 0, 46, 37, 0, 0, '2015-08-05 11:35:51', '2015-08-05 18:24:45'),
(859, 10, 'Imee Olarte', 0, 60, 0, 37, 0, 0, '2015-08-05 11:36:13', '2015-08-05 18:24:43'),
(860, 10, 'Joanne Perez', 0, 59, 0, 38, 0, 0, '2015-08-05 11:36:36', '2015-08-05 18:24:40'),
(861, 10, 'Josef Advincula', 0, 59, 0, 37, 0, 0, '2015-08-05 11:36:51', '2015-08-05 18:24:38'),
(862, 10, 'Guia Alarkon', 0, 60, 0, 39, 0, 0, '2015-08-05 11:37:04', '2015-08-05 18:24:36'),
(863, 10, 'Aries Traquena', 0, 0, 45, 37, 0, 0, '2015-08-05 11:37:16', '2015-08-05 18:24:33'),
(864, 10, 'Christopher Deocareza', 0, 0, 45, 37, 0, 0, '2015-08-05 11:37:30', '2015-08-05 18:24:31'),
(865, 10, 'Josef Advincula', 0, 0, 45, 0, 0, 0, '2015-08-05 11:38:01', '2015-08-05 18:24:28'),
(866, 10, 'Jedidiah Ferrer', 0, 0, 46, 38, 0, 0, '2015-08-05 11:38:17', '2015-08-05 18:24:26'),
(867, 10, 'Joanne Perez', 0, 0, 46, 0, 0, 0, '2015-08-05 11:38:26', '2015-08-05 18:24:24'),
(868, 10, 'Miko Anahaw', 0, 0, 46, 38, 0, 0, '2015-08-05 11:38:39', '2015-08-05 18:24:21'),
(869, 8, 'Jesabel Mangampo', 0, 59, 46, 0, 0, 0, '2015-08-05 12:50:41', '2015-08-05 18:24:19'),
(870, 8, 'Alex Bartolata', 0, 60, 45, 0, 0, 0, '2015-08-05 12:51:05', '2015-08-05 18:24:16'),
(871, 8, 'Lomerano Pajes', 0, 59, 46, 0, 0, 0, '2015-08-05 12:51:19', '2015-08-05 18:24:14'),
(872, 8, 'Johnson Bande', 0, 59, 46, 0, 0, 0, '2015-08-05 12:51:33', '2015-08-05 18:24:11'),
(873, 8, 'Jason Llanera', 0, 59, 46, 0, 0, 0, '2015-08-05 12:51:47', '2015-08-05 18:24:09'),
(874, 8, 'Ruben Bajaro', 0, 60, 46, 0, 29, 0, '2015-08-05 12:52:12', '2015-08-05 18:24:07'),
(875, 8, 'Christian Menes', 0, 0, 0, 0, 29, 0, '2015-08-05 12:52:33', '2015-08-05 18:24:04'),
(876, 8, 'Sharlon De Lumen', 0, 59, 45, 0, 29, 0, '2015-08-05 12:52:59', '2015-08-05 18:24:01'),
(877, 10, 'Jonathan Placer', 0, 0, 46, 39, 0, 0, '2015-08-05 13:08:02', '2015-08-05 18:23:59'),
(878, 10, 'Ian Lleva', 0, 0, 46, 39, 0, 0, '2015-08-05 13:08:17', '2015-08-05 18:23:56'),
(879, 10, 'Evan Dela Pena', 0, 0, 46, 39, 0, 0, '2015-08-05 13:08:32', '2015-08-05 18:23:54'),
(880, 10, 'Christian Marana', 0, 59, 0, 39, 0, 0, '2015-08-05 13:08:42', '2015-08-05 18:23:52'),
(881, 10, 'Amit', 0, 59, 0, 39, 0, 0, '2015-08-05 13:10:13', '2015-08-05 18:23:49'),
(882, 10, 'Venus Duran', 0, 0, 46, 37, 0, 0, '2015-08-05 13:10:24', '2015-08-05 18:23:46'),
(883, 10, 'Melanie Silot', 0, 0, 0, 37, 0, 0, '2015-08-05 13:10:36', '2015-08-05 18:23:43'),
(884, 4, 'Rhea Benitez', 0, 0, 46, 39, 0, 0, '2015-08-05 13:13:23', '2015-08-05 18:23:41'),
(885, 4, 'Richard Banta', 0, 0, 46, 39, 0, 0, '2015-08-05 13:14:02', '2015-08-05 18:22:45'),
(886, 4, 'Mark Sevillano', 0, 0, 45, 39, 0, 0, '2015-08-05 13:15:03', '2015-08-05 18:22:43'),
(887, 4, 'Mave Rick Villar', 0, 0, 46, 39, 29, 0, '2015-08-05 13:17:17', '2015-08-05 18:22:41'),
(888, 4, 'Daryl Joyce Lopez', 0, 0, 46, 38, 0, 0, '2015-08-05 13:17:38', '2015-08-05 18:22:38'),
(889, 4, 'Micko', 0, 0, 0, 0, 29, 0, '2015-08-05 13:17:53', '2015-08-05 18:22:36'),
(890, 4, 'Ryan', 0, 0, 0, 0, 29, 0, '2015-08-05 13:18:01', '2015-08-05 18:22:33'),
(891, 4, 'Alex', 0, 0, 0, 0, 29, 0, '2015-08-05 13:18:08', '2015-08-05 18:22:31'),
(892, 4, 'Johncis Belista', 0, 0, 0, 0, 29, 0, '2015-08-05 13:18:16', '2015-08-05 18:22:28'),
(893, 4, 'Elmer Araña', 0, 0, 45, 38, 29, 0, '2015-08-05 13:19:38', '2015-08-05 18:22:26'),
(894, 10, 'Leslie Gaveria', 0, 0, 46, 37, 0, 0, '2015-08-05 13:57:14', '2015-08-05 18:22:24'),
(895, 10, 'Ismael Bilarma', 0, 0, 46, 39, 0, 0, '2015-08-05 13:57:26', '2015-08-05 18:22:22'),
(896, 10, 'Alexander Bellen', 0, 0, 46, 39, 0, 0, '2015-08-05 13:57:36', '2015-08-05 18:22:19'),
(897, 10, 'William Anonuevo', 0, 0, 46, 39, 0, 0, '2015-08-05 13:57:47', '2015-08-05 18:22:17'),
(898, 10, 'Mikee Encinas', 0, 0, 46, 39, 0, 0, '2015-08-05 13:58:20', '2015-08-05 18:22:15'),
(899, 10, 'Quartz Cabalquinto', 0, 0, 45, 39, 0, 0, '2015-08-05 13:58:30', '2015-08-05 18:22:13'),
(900, 10, 'John Tenedero', 0, 0, 45, 37, 0, 0, '2015-08-05 13:58:42', '2015-08-05 18:22:11'),
(901, 10, 'Sherry Albaytar', 0, 0, 46, 39, 0, 0, '2015-08-05 13:58:51', '2015-08-05 18:22:08'),
(902, 10, 'Carmela Ortiz', 0, 0, 0, 37, 29, 0, '2015-08-05 15:46:47', '2015-08-05 18:22:06'),
(903, 10, '', 0, 0, 0, 37, 29, 0, '2015-08-05 17:10:33', '2015-08-05 18:22:03'),
(904, 7, 'Francisco Gonzales', 0, 0, 0, 38, 29, 0, '2015-08-05 17:15:27', '2015-08-05 18:22:00'),
(905, 7, 'Ron John Villanueva', 0, 0, 0, 39, 29, 0, '2015-08-05 17:16:04', '2015-08-05 18:21:55'),
(906, 7, 'Ray Ian Ravis', 0, 0, 0, 39, 29, 0, '2015-08-05 17:16:41', '2015-08-05 18:21:53'),
(907, 7, 'Marco Edward Calilao', 0, 59, 45, 0, 0, 0, '2015-08-05 17:49:04', '2015-08-05 18:21:50'),
(908, 10, 'Lea Ranoco', 0, 61, 0, 40, 0, 0, '2015-08-06 09:17:19', '2016-11-02 11:02:25'),
(909, 10, 'Johnel Balaoro', 0, 0, 47, 40, 0, 0, '2015-08-06 09:17:50', '2016-11-02 11:02:25'),
(910, 10, 'Rosan Macinas', 0, 61, 0, 40, 0, 0, '2015-08-06 09:18:30', '2016-11-02 11:02:25'),
(911, 9, 'Mark', 0, 0, 48, 0, 0, 0, '2015-08-06 09:54:09', '2016-11-02 11:02:25'),
(912, 10, 'Alexander Bellen', 0, 0, 48, 40, 0, 0, '2015-08-06 10:17:00', '2016-11-02 11:02:25'),
(913, 10, 'Ismael Bilarma', 0, 0, 48, 40, 0, 0, '2015-08-06 10:17:16', '2016-11-02 11:02:25'),
(914, 10, 'Leslie Gaveria', 0, 0, 48, 40, 0, 0, '2015-08-06 10:17:31', '2016-11-02 11:02:25'),
(915, 10, 'Wil', 0, 0, 0, 0, 0, 0, '2015-08-06 10:17:35', '2015-08-06 10:17:38'),
(916, 10, 'William Anonuevo', 0, 0, 48, 40, 0, 0, '2015-08-06 10:17:53', '2016-11-02 11:02:26'),
(917, 10, 'Evan Dela Pena', 0, 0, 48, 40, 0, 0, '2015-08-06 10:18:58', '2016-11-02 11:02:26'),
(918, 10, 'Venus Duran', 0, 0, 47, 41, 0, 0, '2015-08-06 10:19:13', '2016-11-02 11:02:26'),
(919, 10, 'Kristine Basbacio', 0, 0, 47, 40, 0, 0, '2015-08-06 10:19:27', '2016-11-02 11:02:26'),
(920, 10, 'Amit', 0, 62, 0, 0, 0, 0, '2015-08-06 10:19:37', '2016-11-02 11:02:26'),
(921, 10, 'Jonathan Placer', 0, 0, 47, 41, 0, 0, '2015-08-06 10:19:50', '2016-11-02 11:02:26'),
(922, 10, 'Christian Marana', 0, 61, 0, 41, 0, 0, '2015-08-06 10:20:04', '2016-11-02 11:02:26'),
(923, 10, 'Julie Nieva', 0, 0, 47, 41, 0, 0, '2015-08-06 10:20:25', '2016-11-02 11:02:26'),
(924, 9, 'Ramil Moral', 0, 0, 48, 0, 0, 0, '2015-08-06 10:55:18', '2016-11-02 11:02:26'),
(925, 7, 'Robert Duncan', 0, 0, 48, 41, 0, 0, '2015-08-06 11:06:26', '2015-08-06 11:12:50'),
(926, 7, 'Robert Duncan', 0, 0, 48, 41, 0, 0, '2015-08-06 11:10:23', '2015-08-06 11:12:54'),
(927, 7, 'Robert Duncan', 0, 0, 48, 41, 0, 0, '2015-08-06 11:12:16', '2016-11-02 11:02:26'),
(928, 7, 'Marjorie Javellana', 0, 0, 48, 41, 0, 0, '2015-08-06 11:13:15', '2016-11-02 11:02:26'),
(929, 7, 'Michael Kim Silot', 0, 0, 48, 41, 0, 0, '2015-08-06 11:14:07', '2015-08-06 11:15:09'),
(930, 7, 'Michael Kim Silot', 0, 0, 48, 41, 0, 0, '2015-08-06 11:15:02', '2016-11-02 11:02:26'),
(931, 7, 'Kristine Gonzales', 0, 0, 48, 40, 0, 0, '2015-08-06 11:15:47', '2015-08-06 11:50:20'),
(932, 7, 'Juvynel Luzon', 0, 0, 47, 40, 0, 0, '2015-08-06 11:16:16', '2016-11-02 11:02:26'),
(933, 7, 'Rey-an Llaguno', 0, 0, 47, 40, 0, 0, '2015-08-06 11:16:46', '2016-11-02 11:02:26'),
(934, 7, 'Leny Rejuso', 0, 0, 47, 40, 0, 0, '2015-08-06 11:17:39', '2016-11-02 11:02:26'),
(935, 7, 'Krisna Miranda', 0, 0, 47, 40, 0, 0, '2015-08-06 11:19:50', '2016-11-02 11:02:26'),
(936, 7, 'Krisna Miranda', 0, 0, 47, 40, 0, 0, '2015-08-06 11:20:23', '2015-08-06 11:20:29'),
(937, 7, 'Maria Jesusa Donna Nuyles', 0, 0, 47, 41, 0, 0, '2015-08-06 11:20:59', '2016-11-02 11:02:26'),
(938, 7, 'Anne Datun', 0, 0, 47, 41, 0, 0, '2015-08-06 11:21:39', '2016-11-02 11:02:26'),
(939, 7, 'Edelyn Ajero', 0, 0, 48, 40, 0, 0, '2015-08-06 11:22:15', '2016-11-02 11:02:26'),
(940, 7, 'erwin ryan inacay', 0, 0, 47, 41, 0, 0, '2015-08-06 11:22:58', '2016-11-02 11:02:26'),
(941, 7, 'Cyrill Alpajaro', 0, 0, 48, 40, 0, 0, '2015-08-06 11:23:28', '2016-11-02 11:02:26'),
(942, 7, 'Mae Bartolabac', 0, 0, 47, 40, 0, 0, '2015-08-06 11:24:05', '2016-11-02 11:02:26'),
(943, 7, 'Mae Bartolabac', 0, 0, 47, 40, 0, 0, '2015-08-06 11:24:41', '2015-08-06 11:24:45'),
(944, 7, 'Maylyn Loteyro', 0, 0, 47, 40, 0, 0, '2015-08-06 11:25:12', '2016-11-02 11:02:26'),
(945, 7, 'Kristine Gonzales', 0, 62, 0, 40, 0, 0, '2015-08-06 11:51:25', '2016-11-02 11:02:26'),
(946, 4, 'Rhea Benitez', 0, 0, 47, 41, 0, 0, '2015-08-06 13:01:04', '2016-11-02 11:02:26'),
(947, 4, 'Richard Banta', 0, 0, 47, 41, 0, 0, '2015-08-06 13:01:36', '2016-11-02 11:02:26'),
(948, 4, 'Mark Sevillano', 0, 0, 48, 41, 0, 0, '2015-08-06 13:02:53', '2016-11-02 11:02:26'),
(949, 4, 'Mave Rick Villar', 0, 0, 48, 41, 30, 0, '2015-08-06 13:04:49', '2016-11-02 11:02:26'),
(950, 4, 'Elmer Araña', 0, 0, 48, 41, 30, 0, '2015-08-06 13:05:06', '2016-11-02 11:02:26'),
(951, 4, 'Jordan Muyna', 0, 0, 48, 41, 0, 0, '2015-08-06 13:05:27', '2016-11-02 11:02:26'),
(952, 4, 'Johncis Belista', 0, 0, 0, 0, 30, 0, '2015-08-06 13:05:38', '2016-11-02 11:02:26'),
(953, 4, 'Ryan', 0, 0, 0, 0, 30, 0, '2015-08-06 13:05:46', '2016-11-02 11:02:26'),
(954, 4, 'Alex', 0, 0, 0, 0, 30, 0, '2015-08-06 13:05:54', '2016-11-02 11:02:26'),
(955, 4, 'Micko', 0, 0, 0, 0, 30, 0, '2015-08-06 13:06:17', '2016-11-02 11:02:26'),
(956, 7, 'Kiko Gonzalez', 0, 0, 0, 40, 30, 0, '2015-08-06 13:10:25', '2016-11-02 11:02:26'),
(957, 7, 'Ronj Villanueva', 0, 0, 0, 40, 30, 0, '2015-08-06 13:11:19', '2016-11-02 11:02:26'),
(958, 7, 'Ian Raviz', 0, 0, 0, 40, 30, 0, '2015-08-06 13:11:38', '2016-11-02 11:02:26'),
(959, 10, 'Joanne Perez', 0, 61, 48, 40, 0, 0, '2015-08-06 13:40:52', '2016-11-02 11:02:26'),
(960, 10, 'Guia Alarkon', 0, 0, 0, 40, 0, 0, '2015-08-06 13:41:04', '2015-08-06 13:41:08'),
(961, 10, 'Guia Alarkon', 0, 61, 0, 40, 0, 0, '2015-08-06 13:41:20', '2016-11-02 11:02:26'),
(962, 10, 'Christopher Deocareza', 0, 0, 47, 40, 0, 0, '2015-08-06 13:41:47', '2016-11-02 11:02:26'),
(963, 10, 'Josef Advincula', 0, 0, 47, 41, 0, 0, '2015-08-06 13:42:03', '2016-11-02 11:02:26'),
(964, 10, 'Aries Traquena', 0, 0, 0, 41, 0, 0, '2015-08-06 13:42:16', '2016-11-02 11:02:26'),
(965, 10, 'Jedidiah Ferrer', 0, 0, 48, 41, 0, 0, '2015-08-06 13:42:31', '2016-11-02 11:02:26'),
(966, 10, 'Joanne Perez', 0, 0, 48, 40, 0, 0, '2015-08-06 13:42:45', '2015-08-06 13:43:17'),
(967, 10, 'Mikee Encinas', 0, 0, 48, 41, 0, 0, '2015-08-06 13:44:22', '2016-11-02 11:02:26'),
(968, 10, 'Quartz Cabalquinto', 0, 0, 48, 41, 0, 0, '2015-08-06 13:44:38', '2016-11-02 11:02:26'),
(969, 10, 'John Tenedero', 0, 0, 47, 40, 0, 0, '2015-08-06 13:44:51', '2016-11-02 11:02:26'),
(970, 10, 'Sherry Albaytar', 0, 0, 48, 40, 0, 0, '2015-08-06 13:45:06', '2016-11-02 11:02:26'),
(971, 10, 'Aries Traquena', 0, 0, 48, 0, 0, 0, '2015-08-06 13:45:39', '2016-11-02 11:02:26'),
(972, 10, 'Vicente Repolles', 0, 0, 48, 41, 0, 0, '2015-08-06 13:47:18', '2016-11-02 11:02:26'),
(973, 7, 'Marco Edward Calilao', 0, 61, 48, 40, 0, 0, '2015-08-06 15:10:25', '2016-11-02 11:02:26'),
(974, 6, 'Richard Alamer', 0, 0, 48, 0, 0, 0, '2015-08-06 15:47:14', '2016-11-02 11:02:26'),
(975, 6, 'Justin Belga', 0, 0, 47, 0, 0, 0, '2015-08-06 15:47:46', '2016-11-02 11:02:26'),
(976, 6, 'Joshua Ruiz', 0, 0, 48, 0, 0, 0, '2015-08-06 15:47:59', '2016-11-02 11:02:26'),
(977, 6, 'Cristy Jaranilla', 0, 0, 48, 0, 0, 0, '2015-08-06 15:51:11', '2016-11-02 11:02:26'),
(978, 6, 'Mac Noble', 0, 0, 48, 0, 0, 0, '2015-08-06 15:51:46', '2016-11-02 11:02:26'),
(979, 10, 'Carmela', 0, 0, 0, 41, 30, 0, '2015-08-06 16:11:42', '2016-11-02 11:02:26'),
(980, 8, 'me', 0, 61, 47, 40, 30, 0, '2016-11-01 07:44:32', '2016-11-01 11:11:27'),
(981, 7, 'Robert Duncan', 0, 61, 47, 40, 30, 0, '2016-11-02 11:29:18', '2016-11-02 11:58:40'),
(982, 7, 'tata', 1, 67, 51, 43, 0, 0, '2016-11-02 14:32:51', '2016-11-02 14:32:51'),
(983, 7, 'Nanay', 1, 68, 51, 43, 0, 0, '2016-11-02 14:33:12', '2016-11-02 14:33:12'),
(984, 7, 'Ate', 1, 67, 52, 43, 0, 0, '2016-11-02 14:34:36', '2016-11-02 14:34:36'),
(985, 7, 'Kuya', 1, 68, 51, 43, 0, 0, '2016-11-02 14:34:47', '2016-11-02 14:34:47'),
(986, 7, 'Bunso', 1, 68, 51, 43, 0, 0, '2016-11-02 14:35:03', '2016-11-02 14:35:03'),
(987, 7, 'pamangkin', 1, 0, 0, 0, 32, 7, '2016-11-02 14:35:31', '2016-11-02 14:35:31'),
(988, 7, 'Leny ', 1, 0, 0, 0, 32, 7, '2016-11-02 22:46:44', '2016-11-02 22:46:44'),
(989, 7, 'Ronjh', 1, 0, 0, 0, 32, 7, '2016-11-02 22:46:53', '2016-11-02 22:46:53'),
(990, 7, 'Edenelle', 1, 0, 0, 0, 32, 7, '2016-11-02 22:47:34', '2016-11-02 22:47:34'),
(991, 7, 'Mely Rose', 1, 0, 0, 0, 32, 7, '2016-11-02 22:47:47', '2016-11-02 22:47:47'),
(992, 7, 'Nicel', 1, 0, 0, 0, 32, 7, '2016-11-02 22:48:01', '2016-11-02 22:48:01'),
(993, 7, 'Ray Ian', 1, 0, 0, 0, 32, 7, '2016-11-02 22:48:07', '2016-11-02 22:48:07'),
(994, 7, 'Rigel', 1, 67, 0, 43, 0, 7, '2016-11-02 22:48:38', '2016-11-02 22:48:38'),
(995, 7, 'David', 1, 0, 0, 0, 32, 7, '2016-11-02 22:48:41', '2016-11-02 22:48:41'),
(996, 7, 'Nhorene', 1, 0, 0, 0, 32, 7, '2016-11-02 22:51:16', '2016-11-02 22:51:16'),
(997, 7, 'Freylyn ', 1, 0, 0, 0, 32, 7, '2016-11-02 22:51:48', '2016-11-02 22:51:48'),
(998, 7, 'Patrizze', 1, 0, 0, 0, 32, 7, '2016-11-02 22:52:12', '2016-11-02 22:52:12'),
(999, 7, 'Francisco G.', 1, 0, 0, 0, 32, 7, '2016-11-02 22:52:28', '2016-11-02 22:52:28'),
(1000, 7, 'Darryl', 1, 0, 0, 0, 32, 7, '2016-11-02 22:52:55', '2016-11-02 22:52:55'),
(1001, 10, 'BenJohn', 1, 0, 0, 43, 32, 0, '2016-11-02 22:54:48', '2016-11-02 22:54:48'),
(1002, 7, 'Erwin Ryann Inacay', 1, 67, 0, 0, 0, 0, '2016-11-03 02:43:55', '2016-11-03 02:43:55'),
(1003, 7, 'Joel Moyo', 1, 67, 52, 0, 32, 0, '2016-11-03 08:35:41', '2016-11-03 08:35:41'),
(1004, 7, 'Maylyn Loteyro', 1, 68, 51, 0, 0, 0, '2016-11-03 08:36:00', '2016-11-03 08:36:00'),
(1005, 7, 'Mae Bartolabac', 1, 0, 52, 43, 0, 0, '2016-11-03 08:36:32', '2016-11-03 08:36:32'),
(1006, 7, 'Ruffa Javellana', 1, 0, 52, 43, 0, 0, '2016-11-03 08:36:50', '2016-11-03 08:36:50'),
(1007, 7, 'Vanessa Jill Puducay', 1, 0, 52, 43, 0, 0, '2016-11-03 08:37:12', '2016-11-03 08:37:12'),
(1008, 7, 'Julie Millano', 1, 68, 51, 0, 0, 0, '2016-11-03 08:54:22', '2016-11-03 08:54:22'),
(1009, 7, 'Alden Sapinoso', 1, 0, 52, 43, 0, 0, '2016-11-03 08:54:42', '2016-11-03 08:54:42'),
(1010, 7, 'Arjay Caparoso Albaytar', 1, 0, 52, 43, 0, 0, '2016-11-03 09:00:29', '2016-11-03 09:00:29'),
(1011, 10, 'William', 1, 67, 52, 43, 0, 0, '2016-11-03 09:45:44', '2016-11-03 09:45:44'),
(1012, 10, 'Ysh', 1, 0, 52, 43, 0, 0, '2016-11-03 09:46:16', '2016-11-03 09:46:16'),
(1013, 10, 'Kenji', 1, 0, 52, 43, 0, 0, '2016-11-03 09:46:28', '2016-11-03 09:46:28'),
(1014, 10, 'Jerome', 1, 67, 52, 0, 0, 0, '2016-11-03 09:50:21', '2016-11-03 09:50:21'),
(1015, 10, 'Sherry', 1, 67, 0, 0, 0, 0, '2016-11-03 09:57:12', '2016-11-03 09:57:12'),
(1016, 10, 'Merzi', 1, 67, 0, 0, 0, 0, '2016-11-03 09:57:26', '2016-11-03 09:57:26'),
(1017, 10, 'Joviel', 1, 67, 0, 0, 0, 0, '2016-11-03 09:57:38', '2016-11-03 09:57:38'),
(1018, 10, 'John', 0, 0, 0, 43, 32, 0, '2016-11-03 09:58:57', '2016-11-03 15:51:26'),
(1019, 10, 'Jea', 1, 0, 0, 43, 32, 0, '2016-11-03 09:59:08', '2016-11-03 09:59:08'),
(1020, 10, 'Pau', 1, 0, 51, 43, 0, 0, '2016-11-03 09:59:25', '2016-11-03 09:59:25'),
(1021, 10, 'Aliza Carla', 1, 0, 52, 43, 0, 0, '2016-11-03 10:03:33', '2016-11-03 10:03:33'),
(1022, 10, 'Lea', 1, 0, 51, 43, 0, 0, '2016-11-03 10:16:28', '2016-11-03 10:16:28'),
(1023, 10, 'jokz', 1, 67, 52, 43, 0, 0, '2016-11-03 10:22:49', '2016-11-03 10:22:49'),
(1024, 10, 'Noel', 1, 0, 52, 43, 0, 0, '2016-11-03 10:25:11', '2016-11-03 10:25:11'),
(1025, 10, 'Nicole', 0, 0, 51, 43, 0, 0, '2016-11-03 10:59:02', '2016-11-03 14:59:40'),
(1026, 10, 'Rosalie', 1, 0, 51, 43, 0, 0, '2016-11-03 11:03:37', '2016-11-03 11:03:37'),
(1027, 10, 'Cla', 1, 0, 52, 0, 0, 0, '2016-11-03 11:04:02', '2016-11-03 11:04:02'),
(1028, 10, 'Jenica', 1, 0, 51, 43, 0, 0, '2016-11-03 11:04:16', '2016-11-03 11:04:16'),
(1029, 10, 'Eric John', 1, 67, 52, 0, 0, 0, '2016-11-03 12:09:43', '2016-11-03 12:09:43'),
(1030, 10, 'Ismael', 1, 0, 51, 43, 0, 0, '2016-11-03 12:13:11', '2016-11-03 12:13:11'),
(1031, 7, 'Robert Duncan', 1, 0, 51, 43, 0, 0, '2016-11-03 13:37:15', '2016-11-03 13:37:15'),
(1032, 7, 'Regine Duncan', 1, 0, 52, 43, 0, 0, '2016-11-03 13:37:35', '2016-11-03 13:37:35'),
(1033, 10, 'Kristine', 1, 67, 52, 0, 0, 0, '2016-11-03 14:09:29', '2016-11-03 14:09:29'),
(1034, 10, 'Josef', 1, 67, 52, 43, 0, 0, '2016-11-03 14:09:45', '2016-11-03 14:09:45'),
(1035, 10, 'Nicole', 1, 68, 51, 43, 0, 0, '2016-11-03 15:00:01', '2016-11-03 15:00:01'),
(1036, 10, 'Raymund', 1, 0, 51, 43, 0, 0, '2016-11-03 15:22:22', '2016-11-03 15:22:22'),
(1037, 10, 'Chad ', 1, 0, 0, 43, 32, 0, '2016-11-03 15:22:42', '2016-11-03 15:22:42'),
(1038, 8, 'Lyn', 1, 67, 51, 0, 0, 0, '2016-11-03 15:39:19', '2016-11-03 15:39:19'),
(1039, 10, 'Joanne', 1, 68, 52, 0, 0, 0, '2016-11-03 15:44:43', '2016-11-03 15:44:43'),
(1040, 10, 'Aries', 1, 0, 51, 43, 0, 0, '2016-11-03 15:45:04', '2016-11-03 15:45:04'),
(1041, 10, 'Jedidiah L. Ferrer', 1, 0, 52, 43, 0, 0, '2016-11-03 15:45:45', '2016-11-03 15:45:45'),
(1042, 10, 'John', 1, 0, 52, 43, 0, 0, '2016-11-03 15:51:15', '2016-11-03 15:51:15');

-- --------------------------------------------------------

--
-- Table structure for table `settings`
--

CREATE TABLE IF NOT EXISTS `settings` (
  `id` int(11) NOT NULL AUTO_INCREMENT,
  `name` varchar(255) DEFAULT NULL,
  `value` varchar(255) NOT NULL,
  `created` datetime NOT NULL,
  `modified` datetime NOT NULL,
  PRIMARY KEY (`id`)
) ENGINE=InnoDB  DEFAULT CHARSET=latin1 AUTO_INCREMENT=12 ;

--
-- Dumping data for table `settings`
--

INSERT INTO `settings` (`id`, `name`, `value`, `created`, `modified`) VALUES
(6, 'Next Date', 'Friday, 04 November 2016 ', '2015-07-17 12:21:59', '2016-11-02 11:53:10'),
(7, 'Breakfast', '8:00 AM to 10:30 AM', '2015-07-17 12:22:18', '2015-07-20 21:15:08'),
(8, 'Lunch', '12:00 NN to 2:00PM', '2015-07-17 12:22:23', '2015-07-27 17:15:52'),
(9, 'Snack', '3:30 PM to 4:30PM', '2015-07-17 12:22:39', '2016-11-02 11:03:59'),
(10, 'Dinner', '7:00 PM to 9:00PM', '2015-07-17 12:22:48', '2015-07-17 16:14:18'),
(11, 'MidnightSnack', '12:00 AM', '2015-08-02 18:32:15', '2016-11-02 11:04:24');

-- --------------------------------------------------------

--
-- Table structure for table `snacks`
--

CREATE TABLE IF NOT EXISTS `snacks` (
  `id` int(11) NOT NULL AUTO_INCREMENT,
  `menu_id` int(11) NOT NULL,
  `status` int(1) NOT NULL DEFAULT '1',
  `created` datetime NOT NULL,
  `modified` datetime NOT NULL,
  PRIMARY KEY (`id`)
) ENGINE=InnoDB  DEFAULT CHARSET=latin1 AUTO_INCREMENT=44 ;

--
-- Dumping data for table `snacks`
--

INSERT INTO `snacks` (`id`, `menu_id`, `status`, `created`, `modified`) VALUES
(43, 54, 1, '2016-11-02 14:01:58', '2016-11-02 14:01:58');

-- --------------------------------------------------------

--
-- Table structure for table `users`
--

CREATE TABLE IF NOT EXISTS `users` (
  `id` int(11) NOT NULL AUTO_INCREMENT,
  `username` varchar(255) DEFAULT NULL,
  `password` varchar(255) DEFAULT NULL,
  `role` varchar(255) DEFAULT NULL,
  `text` varchar(50) NOT NULL,
  `created` datetime NOT NULL,
  `modified` datetime NOT NULL,
  PRIMARY KEY (`id`)
) ENGINE=InnoDB  DEFAULT CHARSET=latin1 AUTO_INCREMENT=13 ;

--
-- Dumping data for table `users`
--

INSERT INTO `users` (`id`, `username`, `password`, `role`, `text`, `created`, `modified`) VALUES
(3, 'admin', '$2a$10$4RaGnDvRMpC5cMEgcWksyODwIsDanHSv0VW6aHptp7GdCIsqtRie.', 'admin', 'Super Admin', '2015-06-19 08:31:21', '2016-11-01 10:49:18'),
(4, 'creativegeek', '$2a$10$BzCkUlj9iMXu45SI5l/LoeW3/JQ8PZlWfdDC3/xl1vEUlIg3odT0y', 'companyadmin', 'CreativeGeek', '2015-07-11 10:50:24', '2015-08-03 21:52:22'),
(5, 'canteenadmin', '$2a$10$DDBu05g3X0/BNYy3faVAm.hiUmKGJI0ahQeA9yoho1AZ1yN1MeXGO', 'canteenadmin', 'Canteen', '2015-07-11 10:51:56', '2016-11-02 11:15:10'),
(6, 'wylog', '$2a$10$Mqnw3L8slgM6t.mtxXxl0.o8/scqE83BZ.nHOIU5AEXQb6PF8gaHK', 'companyadmin', 'WyLog', '2015-07-11 17:27:06', '2015-07-16 17:53:25'),
(7, 'synergiabpo', '$2a$10$ACkA1pbfZ3oynGCSXDvIZOykVVI6U/dfNJ0hrBxI3I2Dy7r4f336O', 'companyadmin', 'Synergia BPO', '2015-07-15 04:45:18', '2015-07-15 10:22:34'),
(8, 'redlanch', '$2a$10$FlIv0u73Z5tnv4Zk3AlFVO/51wuW.qvBQYn6sUl2g.MVNqVzxVvbq', 'companyadmin', 'Redlanch Admin', '2015-07-15 16:45:55', '2016-11-01 10:20:51'),
(9, 'bserv', '$2a$10$7bqdwOyNa5ihvmLjuRYaI.03BWY6FSYkRU9YggCp86MWmQBE1LKa2', 'companyadmin', 'BureauServ', '2015-07-15 16:48:22', '2015-07-17 08:36:05'),
(10, 'greymouse', '$2a$10$1/20z9ROWaqcO2C.7INYJ.ot0a58g7lUCO/Cf1LlBtoFBsLtvJRxW', 'companyadmin', 'Greymouse', '2015-07-17 08:06:02', '2015-07-20 13:41:56'),
(11, 'adocanteen', '$2a$10$Lm/bWl1UloeUaBm9.WgzH.G7.IKnQFWeJ8i5rdMXA9IlJS/fVq.nK', 'canteenadmin', 'Ado Test Canteen Admin', '2015-07-17 13:15:42', '2015-07-17 13:15:42'),
(12, 'alex', '$2a$10$SCyMFuuXRUatYlFS3bhqlulZUYhxWvaK0h3CniyEXAJBJ9qgfY0LW', 'admin', 'Super Admin', '2016-11-01 10:22:35', '2016-11-01 10:49:50');

/*!40101 SET CHARACTER_SET_CLIENT=@OLD_CHARACTER_SET_CLIENT */;
/*!40101 SET CHARACTER_SET_RESULTS=@OLD_CHARACTER_SET_RESULTS */;
/*!40101 SET COLLATION_CONNECTION=@OLD_COLLATION_CONNECTION */;
