-- MySQL dump 10.13  Distrib 5.5.43, for debian-linux-gnu (x86_64)
--
-- Host: localhost    Database: rlmenus
-- ------------------------------------------------------
-- Server version	5.5.43-0ubuntu0.14.04.1

/*!40101 SET @OLD_CHARACTER_SET_CLIENT=@@CHARACTER_SET_CLIENT */;
/*!40101 SET @OLD_CHARACTER_SET_RESULTS=@@CHARACTER_SET_RESULTS */;
/*!40101 SET @OLD_COLLATION_CONNECTION=@@COLLATION_CONNECTION */;
/*!40101 SET NAMES utf8 */;
/*!40103 SET @OLD_TIME_ZONE=@@TIME_ZONE */;
/*!40103 SET TIME_ZONE='+00:00' */;
/*!40014 SET @OLD_UNIQUE_CHECKS=@@UNIQUE_CHECKS, UNIQUE_CHECKS=0 */;
/*!40014 SET @OLD_FOREIGN_KEY_CHECKS=@@FOREIGN_KEY_CHECKS, FOREIGN_KEY_CHECKS=0 */;
/*!40101 SET @OLD_SQL_MODE=@@SQL_MODE, SQL_MODE='NO_AUTO_VALUE_ON_ZERO' */;
/*!40111 SET @OLD_SQL_NOTES=@@SQL_NOTES, SQL_NOTES=0 */;

--
-- Table structure for table `breakfasts`
--

DROP TABLE IF EXISTS `breakfasts`;
/*!40101 SET @saved_cs_client     = @@character_set_client */;
/*!40101 SET character_set_client = utf8 */;
CREATE TABLE `breakfasts` (
  `id` int(11) NOT NULL AUTO_INCREMENT,
  `menu_id` int(11) NOT NULL,
  `status` int(1) NOT NULL DEFAULT '1',
  `created` datetime NOT NULL,
  `modified` datetime NOT NULL,
  PRIMARY KEY (`id`)
) ENGINE=InnoDB AUTO_INCREMENT=99 DEFAULT CHARSET=latin1;
/*!40101 SET character_set_client = @saved_cs_client */;

--
-- Dumping data for table `breakfasts`
--

LOCK TABLES `breakfasts` WRITE;
/*!40000 ALTER TABLE `breakfasts` DISABLE KEYS */;
INSERT INTO `breakfasts` VALUES (95,22,1,'2015-08-20 18:22:20','2015-08-20 18:22:20'),(96,67,0,'2015-08-20 18:23:06','2015-08-20 18:25:22'),(97,27,0,'2015-08-20 18:25:32','2015-08-20 18:26:39'),(98,79,1,'2015-08-20 18:26:50','2015-08-20 18:26:50');
/*!40000 ALTER TABLE `breakfasts` ENABLE KEYS */;
UNLOCK TABLES;

--
-- Table structure for table `dinners`
--

DROP TABLE IF EXISTS `dinners`;
/*!40101 SET @saved_cs_client     = @@character_set_client */;
/*!40101 SET character_set_client = utf8 */;
CREATE TABLE `dinners` (
  `id` int(11) NOT NULL AUTO_INCREMENT,
  `menu_id` int(11) NOT NULL,
  `status` int(1) NOT NULL DEFAULT '1',
  `created` datetime NOT NULL,
  `modified` datetime NOT NULL,
  PRIMARY KEY (`id`)
) ENGINE=InnoDB AUTO_INCREMENT=48 DEFAULT CHARSET=latin1;
/*!40101 SET character_set_client = @saved_cs_client */;

--
-- Dumping data for table `dinners`
--

LOCK TABLES `dinners` WRITE;
/*!40000 ALTER TABLE `dinners` DISABLE KEYS */;
INSERT INTO `dinners` VALUES (47,41,1,'2015-08-20 18:24:30','2015-08-20 18:24:30');
/*!40000 ALTER TABLE `dinners` ENABLE KEYS */;
UNLOCK TABLES;

--
-- Table structure for table `lunches`
--

DROP TABLE IF EXISTS `lunches`;
/*!40101 SET @saved_cs_client     = @@character_set_client */;
/*!40101 SET character_set_client = utf8 */;
CREATE TABLE `lunches` (
  `id` int(11) NOT NULL AUTO_INCREMENT,
  `menu_id` int(11) NOT NULL,
  `status` int(1) NOT NULL DEFAULT '1',
  `created` datetime NOT NULL,
  `modified` datetime NOT NULL,
  PRIMARY KEY (`id`)
) ENGINE=InnoDB AUTO_INCREMENT=82 DEFAULT CHARSET=latin1;
/*!40101 SET character_set_client = @saved_cs_client */;

--
-- Dumping data for table `lunches`
--

LOCK TABLES `lunches` WRITE;
/*!40000 ALTER TABLE `lunches` DISABLE KEYS */;
INSERT INTO `lunches` VALUES (80,71,1,'2015-08-20 18:23:23','2015-08-20 18:23:23'),(81,78,1,'2015-08-20 18:23:59','2015-08-20 18:23:59');
/*!40000 ALTER TABLE `lunches` ENABLE KEYS */;
UNLOCK TABLES;

--
-- Table structure for table `menus`
--

DROP TABLE IF EXISTS `menus`;
/*!40101 SET @saved_cs_client     = @@character_set_client */;
/*!40101 SET character_set_client = utf8 */;
CREATE TABLE `menus` (
  `id` int(11) NOT NULL AUTO_INCREMENT,
  `title` varchar(255) NOT NULL,
  `description` text NOT NULL,
  `status` int(1) NOT NULL DEFAULT '1',
  `price` int(3) NOT NULL DEFAULT '0',
  `created` datetime NOT NULL,
  `modified` datetime NOT NULL,
  PRIMARY KEY (`id`)
) ENGINE=InnoDB AUTO_INCREMENT=80 DEFAULT CHARSET=latin1;
/*!40101 SET character_set_client = @saved_cs_client */;

--
-- Dumping data for table `menus`
--

LOCK TABLES `menus` WRITE;
/*!40000 ALTER TABLE `menus` DISABLE KEYS */;
INSERT INTO `menus` VALUES (6,'Chicken Adobo','1. Chicken Adobo\r\n2. Rice',0,40,'2015-07-11 18:53:26','2015-07-15 15:22:56'),(7,'Longsilog','1. Longganisa\r\n2. Fried Rice / Plain Rice\r\n3. Egg',1,40,'2015-07-11 18:54:25','2015-07-18 08:24:27'),(9,'Dinuguan','1. Dinuguan\r\n2. Rice\r\n3. Soup\r\n4. Zesto drink',0,40,'2015-07-11 19:00:57','2015-07-18 10:49:40'),(10,'Bread w/ Drinks','1. Bread\r\n2. Zesto',0,40,'2015-07-12 04:00:29','2015-07-18 10:49:28'),(11,'Fried Fish','1. Fish\r\n2. Rice',1,40,'2015-07-12 04:01:23','2015-07-18 08:24:50'),(14,'Corned Beef','1. Corned Beef\r\n2. Egg\r\n3. Rice',1,40,'2015-07-15 15:34:38','2015-07-22 21:55:41'),(15,'Chicken Tinola with Rice','1. Chicken Tinola\r\n2. Plain Rice',1,40,'2015-07-15 15:38:08','2015-07-18 08:25:10'),(16,'Pork Giniling with Rice','1. Pork Giniling\r\n2. Rice',1,40,'2015-07-15 15:39:37','2015-07-26 17:03:41'),(17,'Chicken Afritada with Rice','1. Chicken Afritada\r\n2. Plain Rice',1,40,'2015-07-15 15:41:00','2015-07-18 08:25:28'),(18,'Pork Adobo with Rice','1. Pork Adobo\r\n2. Plain Rice',1,40,'2015-07-15 15:42:23','2015-07-18 08:25:41'),(21,'Luncheon Meat','1. Luncheon Meat\r\n2. Rice\r\n3. Egg',1,40,'2015-07-19 16:19:21','2015-07-19 16:19:21'),(22,'Hotdog','1. Hotdog\r\n2. Rice\r\n3. Egg',1,40,'2015-07-19 16:20:04','2015-07-19 16:20:04'),(23,'Fried Chicken','1. Fried Chicken\r\n2. Rice',1,40,'2015-07-19 16:26:20','2015-07-20 11:46:17'),(24,'Pork Nilaga','1. Pork Nilaga\r\n2. Rice\r\n',1,40,'2015-07-19 16:26:55','2015-07-19 16:26:55'),(25,'Chicken Adobo','1. Chicken Adobo\r\n2. Rice',1,40,'2015-07-19 16:27:34','2015-07-19 16:27:34'),(26,'Pork Caldereta','1. Pork Caldereta\r\n2. Rice',1,40,'2015-07-19 16:28:03','2015-07-19 16:28:03'),(27,'Burger Patty','1. Burger Patty\r\n2. Egg\r\n3. Rice',1,40,'2015-07-20 21:14:44','2015-07-29 18:32:46'),(28,'Skinless Longganisa','1. Skinless Longganisa\r\n2. Egg\r\n3. Rice',1,40,'2015-07-20 21:15:45','2015-07-20 21:15:45'),(29,'Chicken Estupado','1. Chicken Estupado\r\n2. Rice',1,40,'2015-07-20 21:17:45','2015-07-20 21:17:45'),(30,'Pork Mechado','1. Pork Mechado\r\n2. Rice\r\n',1,40,'2015-07-20 21:18:37','2015-07-20 21:18:37'),(31,'Grilled Chicken','1. Grilled Chicken\r\n2. Rice',1,40,'2015-07-20 21:32:28','2015-07-20 21:32:28'),(32,'Grilled Pork Chop','1. Grilled Pork Chop\r\n2. Rice',1,40,'2015-07-20 21:34:05','2015-07-20 21:34:05'),(34,'Ham','1. Ham\r\n2. Egg\r\n3. Rice',1,40,'2015-07-22 05:25:14','2015-07-22 05:25:14'),(35,'Cheese Dog','1. Cheese Dog\r\n2. Egg\r\n3. Rice',1,40,'2015-07-22 05:27:30','2015-07-22 05:27:30'),(36,'Chicken Barbecue','1. Chicken Barbecue\r\n2. Rice',1,40,'2015-07-22 05:28:35','2015-07-22 05:28:35'),(37,'Pork Sinigang','1. Pork Sinigang\r\n2. Rice',1,40,'2015-07-22 05:29:18','2015-07-22 05:29:18'),(38,'Chicken Curry','1. Chicken Curry\r\n2. Rice',1,40,'2015-07-22 05:29:49','2015-07-22 05:29:49'),(39,'Pork Steak','1. Pork Steak\r\n2. Rice',1,40,'2015-07-22 05:31:03','2015-07-22 05:31:03'),(40,'Longga Dog','1. Longga Dog\r\n2. Egg\r\n3. Rice',1,40,'2015-07-22 21:53:09','2015-07-22 21:53:09'),(41,'Ginataang Manok','1. Ginataang Manok\r\n2. Rice',1,40,'2015-07-22 21:56:50','2015-07-22 21:56:50'),(42,'Bicol Express','1. Bicol Express\r\n2. Rice',1,40,'2015-07-22 21:57:42','2015-07-22 21:57:42'),(43,'Lumpiang Shanghai','1. Lumpiang Shanghai\r\n2. Rice',1,40,'2015-07-22 21:58:58','2015-07-22 21:58:58'),(44,'Breaded Pork Chop','1. Breaded Pork Chop\r\n2. Rice',1,40,'2015-07-22 21:59:37','2015-07-22 21:59:37'),(45,'Barbeque Longganisa','1. Barbeque Longganisa\r\n2. Egg\r\n3. Rice',1,40,'2015-07-24 05:49:08','2015-07-24 05:49:08'),(46,'Chicken Caldereta','1. Chicken Caldereta\r\n2. Rice',1,40,'2015-07-24 05:50:13','2015-07-24 05:50:13'),(47,'Menudo','1. Menudo\r\n2. Rice',1,40,'2015-07-24 05:50:57','2015-07-24 05:50:57'),(48,'Pork Binagoongan','1. Pork Binagoongan\r\n2. Rice',1,40,'2015-07-24 05:51:35','2015-07-24 05:51:35'),(49,'Tocino','1. Tocino\r\n2. Egg\r\n3. Rice',1,40,'2015-07-26 16:58:51','2015-07-26 16:58:51'),(50,'Sweet and Sour Pork','1. Sweet and Sour Pork\r\n2. Rice',1,40,'2015-07-26 17:00:59','2015-07-26 17:00:59'),(51,'Sinampalokang Manok','1. Sinampalokang Manok\r\n2. Rice',1,40,'2015-07-26 17:01:57','2015-07-26 17:01:57'),(52,'Sweet Ham','1. Sweet Ham\r\n2. Egg\r\n3. Rice',1,40,'2015-07-27 17:14:18','2015-07-27 17:14:18'),(53,'Tuna Sandwich','1. Tuna Sandwich',1,20,'2015-07-27 17:18:10','2015-07-27 17:18:10'),(54,'Ham Sandwich','1. Ham Sandwich',1,20,'2015-07-27 17:18:48','2015-07-27 17:18:48'),(55,'Bacon Sandwich','1. Bacon Sandwich',1,20,'2015-07-27 17:19:25','2015-07-27 17:19:25'),(56,'Ginataan ','1. Ginataan',1,20,'2015-07-27 17:20:10','2015-07-27 17:20:10'),(57,'Dried Fish','1. Dried Fish\r\n2. Egg\r\n3. Rice',1,40,'2015-07-28 17:58:06','2015-07-28 17:58:06'),(58,'Hotdog Sandwich','1. Hotdog Sandwich',1,20,'2015-07-28 18:00:18','2015-07-28 18:00:18'),(59,'Pancit Bihon','1. Pancit Bihon',1,20,'2015-07-28 18:01:16','2015-07-28 18:01:16'),(60,'Longganisa Hamonado','1. Longganisa Hamonado\r\n2. Egg\r\n3. Rice',1,40,'2015-07-29 18:32:08','2015-07-29 18:32:08'),(61,'Lugaw with Egg','1. Lugaw with Egg',1,20,'2015-07-29 18:34:34','2015-07-29 18:34:34'),(62,'Pancit Bato','1. Pancit Bato',1,20,'2015-07-29 19:28:33','2015-07-29 19:28:33'),(63,'Smoked Hamonado Longganisa','1. Smoked Hamonado Longganisa\r\n2. Rice\r\n3. Egg',1,40,'2015-07-30 19:13:27','2015-07-30 19:13:27'),(64,'Pizza Bread','1. 2 pcs PIzza Bread',1,20,'2015-07-30 19:20:20','2015-07-30 19:21:41'),(65,'Igado','1. Igado\r\n2. Rice',1,40,'2015-07-31 22:25:04','2015-07-31 22:25:04'),(66,'Chopsuey','1. Chopsuey\r\n2. Rice',1,40,'2015-08-02 10:04:11','2015-08-02 10:04:11'),(67,'Burger','1. Burger',1,20,'2015-08-02 10:09:55','2015-08-02 10:09:55'),(68,'Inihaw na Liempo','1. Inihaw na Liempo\r\n2. Rice',1,40,'2015-08-04 19:27:15','2015-08-04 19:31:40'),(69,'Stir-fry Bean Sprout with Pork','1. Stir-fry Bean Sprout with Pork\r\n2. Rice',1,40,'2015-08-05 23:51:16','2015-08-05 23:53:32'),(70,'Ginataang Sitaw at Kalabasa','1. Ginataang Sitaw at Kalabasa\r\n2. Rice\r\n',1,40,'2015-08-09 21:05:00','2015-08-09 21:05:00'),(71,'Pinakbet','1. Pinakbet\r\n2. Rice',1,40,'2015-08-13 21:28:58','2015-08-13 21:28:58'),(72,'Misua with Meatballs','1. Misua with Meatballs\r\n2. Rice',1,40,'2015-08-13 21:30:53','2015-08-13 21:30:53'),(73,'Sopas','Sopas',1,20,'2015-08-17 18:50:05','2015-08-17 18:50:05'),(74,'Cheese Sandwich','Cheese Sandwich',1,20,'2015-08-18 07:44:13','2015-08-18 07:44:13'),(75,'Egg Sandwich','Egg Sandwich',1,20,'2015-08-18 07:44:35','2015-08-18 07:44:35'),(76,'Monggo','1. Monggo\r\n2. Rice\r\n',1,40,'2015-08-19 18:41:54','2015-08-19 18:41:54'),(77,'Pancit Palamigan','Pancit Palamigan',1,20,'2015-08-19 18:43:09','2015-08-19 18:43:09'),(78,'Ginataang Isda','1. Ginataang Isda\r\n2. Rice',1,40,'2015-08-20 18:23:52','2015-08-20 18:23:52'),(79,'Tinapa','1. Tinapa\r\n2. Rice \r\n3. Egg',1,40,'2015-08-20 18:26:29','2015-08-20 18:26:29');
/*!40000 ALTER TABLE `menus` ENABLE KEYS */;
UNLOCK TABLES;

--
-- Table structure for table `midnight_snacks`
--

DROP TABLE IF EXISTS `midnight_snacks`;
/*!40101 SET @saved_cs_client     = @@character_set_client */;
/*!40101 SET character_set_client = utf8 */;
CREATE TABLE `midnight_snacks` (
  `id` int(11) NOT NULL AUTO_INCREMENT,
  `menu_id` int(11) NOT NULL,
  `status` int(1) NOT NULL DEFAULT '1',
  `created` datetime NOT NULL,
  `modified` datetime NOT NULL,
  PRIMARY KEY (`id`)
) ENGINE=InnoDB AUTO_INCREMENT=34 DEFAULT CHARSET=latin1;
/*!40101 SET character_set_client = @saved_cs_client */;

--
-- Dumping data for table `midnight_snacks`
--

LOCK TABLES `midnight_snacks` WRITE;
/*!40000 ALTER TABLE `midnight_snacks` DISABLE KEYS */;
INSERT INTO `midnight_snacks` VALUES (32,55,1,'2015-08-20 18:24:50','2015-08-20 18:24:50'),(33,53,1,'2015-08-20 18:24:59','2015-08-20 18:24:59');
/*!40000 ALTER TABLE `midnight_snacks` ENABLE KEYS */;
UNLOCK TABLES;

--
-- Table structure for table `orders`
--

DROP TABLE IF EXISTS `orders`;
/*!40101 SET @saved_cs_client     = @@character_set_client */;
/*!40101 SET character_set_client = utf8 */;
CREATE TABLE `orders` (
  `id` int(11) NOT NULL AUTO_INCREMENT,
  `user_id` int(11) NOT NULL,
  `employee` varchar(255) NOT NULL,
  `status` int(1) NOT NULL DEFAULT '1',
  `breakfast_id` int(11) NOT NULL,
  `lunch_id` int(11) NOT NULL,
  `snack_id` int(11) NOT NULL,
  `dinner_id` int(11) NOT NULL,
  `midnight_snack_id` int(10) NOT NULL DEFAULT '0',
  `created` datetime NOT NULL,
  `modified` datetime NOT NULL,
  PRIMARY KEY (`id`)
) ENGINE=InnoDB AUTO_INCREMENT=1643 DEFAULT CHARSET=latin1;
/*!40101 SET character_set_client = @saved_cs_client */;

--
-- Dumping data for table `orders`
--

LOCK TABLES `orders` WRITE;
/*!40000 ALTER TABLE `orders` DISABLE KEYS */;
INSERT INTO `orders` VALUES (185,7,'Ron John Villanueva',0,31,0,0,14,0,'2015-07-21 08:41:10','2015-08-12 23:40:54'),(186,7,'Maylyn Loteyro',0,32,0,0,13,0,'2015-07-21 08:41:38','2015-08-12 23:40:54'),(187,7,'Francisco Gonzalez Jr.',0,32,0,0,13,0,'2015-07-21 09:34:26','2015-08-12 23:40:54'),(188,7,'Roselyn Inacay',0,32,19,0,0,0,'2015-07-21 09:35:16','2015-08-12 23:40:54'),(189,7,'Ryan Inacay',0,32,18,0,0,0,'2015-07-21 09:36:36','2015-08-12 23:40:54'),(193,7,'Marco Edward Calilao',0,31,18,0,0,0,'2015-07-21 11:38:33','2015-08-12 23:40:54'),(194,7,'Maria Jesusa Donna Nuyles',0,32,19,0,0,0,'2015-07-21 11:38:52','2015-08-12 23:40:54'),(195,7,'Marjorie Jane Javellana',0,32,18,0,0,0,'2015-07-21 11:39:09','2015-08-12 23:40:54'),(196,7,'Annie Rose Datun',0,32,19,0,0,0,'2015-07-21 11:39:20','2015-08-12 23:40:54'),(197,7,'Edelyn Ajero',0,32,19,0,0,0,'2015-07-21 11:39:40','2015-08-12 23:40:54'),(198,7,'Rey-An Llaguno',0,31,18,0,0,0,'2015-07-21 11:39:53','2015-08-12 23:40:54'),(199,7,'Leny Rejuso',0,32,19,0,0,0,'2015-07-21 11:40:13','2015-08-12 23:40:54'),(200,7,'Michael Kim Silot',0,32,19,0,0,0,'2015-07-21 11:40:31','2015-08-12 23:40:54'),(201,7,'Mae Bartolabac',0,31,19,0,0,0,'2015-07-21 11:40:47','2015-08-12 23:40:54'),(202,7,'Krisna Miranda',0,32,18,0,0,0,'2015-07-21 11:41:04','2015-08-12 23:40:54'),(203,7,'Juvynel Luzon',0,31,18,0,0,0,'2015-07-21 11:41:22','2015-08-12 23:40:54'),(204,7,'Cyril Alpajaro',0,31,19,0,0,0,'2015-07-21 11:41:38','2015-08-12 23:40:54'),(207,4,'Nia Kristel Adrales',0,0,0,0,18,0,'2015-07-21 11:45:59','2015-08-12 23:40:54'),(208,4,'Saturnino Adrales',0,0,16,0,18,0,'2015-07-21 11:47:43','2015-08-12 23:40:54'),(209,4,'Mark Sevillano',0,0,19,0,0,0,'2015-07-21 11:51:10','2015-08-12 23:40:54'),(210,4,'Richard Banta',0,0,18,0,0,0,'2015-07-21 11:51:30','2015-08-12 23:40:54'),(211,4,'Mave Rick Villar',0,0,19,0,0,0,'2015-07-21 11:52:11','2015-08-12 23:40:54'),(212,4,'Rhea Benitez',0,0,19,0,0,0,'2015-07-21 11:52:38','2015-08-12 23:40:54'),(213,8,'Jesabel Mangampo',0,32,19,0,0,0,'2015-07-21 13:03:28','2015-08-12 23:40:54'),(214,8,'Alex Bartolata',0,31,18,0,0,0,'2015-07-21 13:03:50','2015-08-12 23:40:54'),(215,8,'Jason Bande',0,31,19,0,0,0,'2015-07-21 13:04:14','2015-08-12 23:40:54'),(216,8,'Ruben Bajaro',0,32,19,0,0,0,'2015-07-21 13:04:37','2015-08-12 23:40:54'),(217,8,'Ruben Bajaro',0,32,19,0,14,0,'2015-07-21 13:05:32','2015-08-12 23:40:54'),(218,8,'Jason Llarena',0,32,19,0,0,0,'2015-07-21 13:12:42','2015-08-12 23:40:54'),(219,10,'Mikee',0,0,19,0,0,0,'2015-07-21 14:16:17','2015-08-12 23:40:54'),(220,10,'Guia',0,0,19,0,0,0,'2015-07-21 14:17:10','2015-08-12 23:40:54'),(221,9,'Mark Vargas',0,0,18,0,0,0,'2015-07-21 14:21:19','2015-08-12 23:40:54'),(222,9,'',0,0,18,0,0,0,'2015-07-21 14:22:48','2015-08-12 23:40:54'),(223,10,'Isma',0,0,19,0,0,0,'2015-07-21 14:23:01','2015-08-12 23:40:54'),(224,9,'Ramil Moral',0,0,18,0,0,0,'2015-07-21 14:25:20','2015-08-12 23:40:54'),(225,10,'Evan',0,0,19,0,0,0,'2015-07-21 14:28:01','2015-08-12 23:40:54'),(226,10,'Josef',0,31,0,0,0,0,'2015-07-21 14:32:32','2015-08-12 23:40:54'),(227,10,'Joanne',0,31,0,0,0,0,'2015-07-21 14:32:40','2015-08-12 23:40:54'),(228,10,'Alex',0,0,19,0,0,0,'2015-07-21 14:54:46','2015-08-12 23:40:54'),(229,0,'Lomeriano Pajes',0,32,19,0,0,0,'2015-07-21 15:50:31','2015-08-12 23:40:54'),(230,8,'Lomeriano Pajes',0,32,19,0,0,0,'2015-07-21 15:51:09','2015-08-12 23:40:54'),(231,8,'Christian Menes',0,0,0,0,14,0,'2015-07-21 15:51:23','2015-08-12 23:40:54'),(232,8,'Sharlon De Lumen',0,32,19,0,0,0,'2015-07-21 15:51:43','2015-08-12 23:40:54'),(233,10,'Johnel',0,0,19,0,0,0,'2015-07-21 16:04:17','2015-08-12 23:40:54'),(234,10,'Venus',0,0,19,0,0,0,'2015-07-21 16:04:25','2015-08-12 23:40:54'),(235,10,'Venus',0,0,21,0,0,0,'2015-07-22 09:26:40','2015-08-12 23:40:54'),(236,10,'Johnel',0,0,21,0,0,0,'2015-07-22 09:36:05','2015-08-12 23:40:54'),(237,10,'Julie',0,0,21,0,0,0,'2015-07-22 09:36:14','2015-08-12 23:40:54'),(238,10,'Guia',0,0,21,0,0,0,'2015-07-22 09:38:29','2015-08-12 23:40:54'),(239,10,'Mikee',0,0,21,0,0,0,'2015-07-22 09:38:35','2015-08-12 23:40:54'),(240,10,'Sherry',0,0,20,0,0,0,'2015-07-22 09:38:42','2015-08-12 23:40:54'),(241,10,'William',0,0,21,0,0,0,'2015-07-22 09:38:55','2015-08-12 23:40:54'),(242,10,'Isma',0,0,21,0,0,0,'2015-07-22 09:40:03','2015-08-12 23:40:54'),(243,10,'Alex',0,0,20,0,0,0,'2015-07-22 09:45:37','2015-08-12 23:40:54'),(244,10,'Josef',0,34,0,0,0,0,'2015-07-22 10:20:21','2015-08-12 23:40:54'),(245,10,'Joanne',0,35,0,0,0,0,'2015-07-22 10:20:28','2015-08-12 23:40:54'),(246,10,'Quartz',0,0,21,0,0,0,'2015-07-22 11:06:33','2015-08-12 23:40:54'),(247,4,'Nia Kristel Adrales',0,0,0,0,15,0,'2015-07-22 11:15:50','2015-08-12 23:40:54'),(248,4,'Saturnino Adrales',0,0,21,0,16,0,'2015-07-22 11:16:14','2015-08-12 23:40:54'),(249,4,'Rhea Benitez',0,0,21,0,0,0,'2015-07-22 11:16:43','2015-08-12 23:40:54'),(250,4,'Elmer Arana',0,0,20,0,0,0,'2015-07-22 11:17:05','2015-08-12 23:40:54'),(251,4,'Mave Rick Villar',0,0,20,0,0,0,'2015-07-22 11:17:51','2015-08-12 23:40:54'),(252,4,'Mark Sevillano',0,0,20,0,0,0,'2015-07-22 11:18:04','2015-08-12 23:40:54'),(253,4,'Richard Banta',0,0,20,0,0,0,'2015-07-22 11:21:58','2015-08-12 23:40:54'),(254,7,'Ryan Inacay',0,34,20,0,0,0,'2015-07-22 11:34:29','2015-08-12 23:40:54'),(255,7,'Maylyn Loteyro',0,34,0,0,16,0,'2015-07-22 11:36:28','2015-08-12 23:40:54'),(256,10,'Evan',0,0,21,0,0,0,'2015-07-22 11:42:30','2015-08-12 23:40:54'),(257,7,'Francisco Gonzalez Jr.',0,35,0,0,16,0,'2015-07-22 11:44:58','2015-08-12 23:40:54'),(258,7,'Roselyn Inacay',0,35,21,0,0,0,'2015-07-22 11:45:21','2015-08-12 23:40:54'),(259,10,'Jonats',0,0,21,0,0,0,'2015-07-22 11:46:12','2015-08-12 23:40:54'),(260,10,'Christian',0,0,21,0,0,0,'2015-07-22 11:46:19','2015-08-12 23:40:54'),(261,7,'Marco Edward Calilao',0,35,20,0,0,0,'2015-07-22 12:00:56','2015-08-12 23:40:54'),(262,7,'Maria Jesusa Donna Nuyles',0,34,21,0,0,0,'2015-07-22 12:01:06','2015-08-12 23:40:54'),(263,7,'Leny Rejuso',0,35,21,0,0,0,'2015-07-22 12:01:23','2015-08-12 23:40:54'),(264,7,'Rey-An Llaguno',0,35,21,0,0,0,'2015-07-22 12:01:36','2015-08-12 23:40:54'),(265,7,'Annie Rose Datun',0,35,21,0,0,0,'2015-07-22 12:01:49','2015-08-12 23:40:54'),(266,7,'Edelyn Ajero',0,35,21,0,0,0,'2015-07-22 12:01:58','2015-08-12 23:40:54'),(267,7,'Michael Kim Silot',0,35,21,0,0,0,'2015-07-22 12:02:12','2015-08-12 23:40:54'),(268,7,'Marjorie Jane Javellana',0,35,21,0,0,0,'2015-07-22 12:02:54','2015-08-12 23:40:54'),(269,7,'Krisna Miranda',0,34,20,0,0,0,'2015-07-22 12:06:35','2015-08-12 23:40:54'),(270,7,'Mae Bartolabac',0,34,20,0,0,0,'2015-07-22 12:07:30','2015-08-12 23:40:54'),(271,7,'Juvynel Luzon',0,35,21,0,0,0,'2015-07-22 12:07:47','2015-08-12 23:40:54'),(272,7,'Ray Ian Ravis',0,35,0,0,16,0,'2015-07-22 12:08:57','2015-08-12 23:40:54'),(273,7,'Cyril Alpajaro',0,35,20,0,0,0,'2015-07-22 12:12:26','2015-08-12 23:40:54'),(274,7,'Ron John Villanueva',0,34,0,0,15,0,'2015-07-22 14:46:59','2015-08-12 23:40:54'),(275,6,'Richard Alamer',0,0,21,0,0,0,'2015-07-22 16:39:41','2015-08-12 23:40:54'),(276,6,'Justin Belga',0,0,21,0,0,0,'2015-07-22 16:40:48','2015-08-12 23:40:54'),(277,6,'Joshua Ruiz',0,0,21,0,0,0,'2015-07-22 16:41:30','2015-08-12 23:40:54'),(278,8,'Jesabel Mangampo',0,34,21,0,0,0,'2015-07-22 18:28:12','2015-08-12 23:40:54'),(279,8,'Alexandria Bartolata',0,34,21,0,0,0,'2015-07-22 18:28:40','2015-08-12 23:40:54'),(280,8,'Alexandria Bartolata',0,35,20,0,0,0,'2015-07-22 18:28:56','2015-08-12 23:40:54'),(281,8,'Mer Pajes',0,35,21,0,0,0,'2015-07-22 18:30:01','2015-08-12 23:40:54'),(282,8,'Jhonson (Jayson)',0,34,21,0,0,0,'2015-07-22 18:32:53','2015-08-12 23:40:54'),(283,8,'Jayson (Repo)',0,35,21,0,0,0,'2015-07-22 18:33:10','2015-08-12 23:40:54'),(284,8,'Ruben Bajaro',0,35,21,0,15,0,'2015-07-22 18:34:06','2015-08-12 23:40:54'),(285,8,'Sherwin De Lumen',0,34,21,0,15,0,'2015-07-22 18:34:24','2015-08-12 23:40:54'),(286,8,'Christian Menes',0,0,0,0,16,0,'2015-07-22 18:35:38','2015-08-12 23:40:54'),(287,10,'Julie',0,0,22,0,0,0,'2015-07-23 08:25:38','2015-08-12 23:40:54'),(288,10,'Quartz',0,0,22,0,0,0,'2015-07-23 08:25:45','2015-08-12 23:40:54'),(289,10,'Venus',0,0,23,0,0,0,'2015-07-23 08:26:24','2015-08-12 23:40:54'),(290,10,'Johnel',0,0,23,0,0,0,'2015-07-23 08:28:25','2015-08-12 23:40:54'),(291,8,'Jesabel Mangampo',0,36,23,0,0,0,'2015-07-23 08:32:26','2015-08-12 23:40:54'),(292,8,'Alex Bartolata',0,38,22,0,0,0,'2015-07-23 08:32:50','2015-08-12 23:40:54'),(293,8,'Jason Llarena',0,38,22,0,0,0,'2015-07-23 08:33:12','2015-08-12 23:40:54'),(294,8,'Jason Bande',0,38,22,0,0,0,'2015-07-23 08:44:40','2015-08-12 23:40:54'),(295,7,'Erwin Ryan Inacay',0,36,23,0,0,0,'2015-07-23 09:36:10','2015-08-12 23:40:54'),(296,7,'Erwin Ryan Inacay',0,36,23,0,0,0,'2015-07-23 09:36:40','2015-08-12 23:40:54'),(297,7,'Kristine Gonzalez',0,38,0,0,0,0,'2015-07-23 09:44:12','2015-08-12 23:40:54'),(298,7,'Ron John Villanueva',0,36,0,0,18,0,'2015-07-23 10:49:14','2015-08-12 23:40:54'),(299,10,'Guia',0,0,22,0,0,0,'2015-07-23 10:53:39','2015-08-12 23:40:54'),(300,10,'Mikee',0,0,23,0,0,0,'2015-07-23 10:53:54','2015-08-12 23:40:54'),(301,10,'William',0,0,22,0,0,0,'2015-07-23 10:59:09','2015-08-12 23:40:54'),(302,10,'William',0,0,22,0,0,0,'2015-07-23 10:59:09','2015-08-12 23:40:54'),(303,10,'Evan',0,0,23,0,0,0,'2015-07-23 11:00:11','2015-08-12 23:40:54'),(304,7,'Ray Ian Raviz',0,36,0,0,18,0,'2015-07-23 11:02:22','2015-08-12 23:40:54'),(305,10,'Isma',0,0,23,0,0,0,'2015-07-23 11:02:31','2015-08-12 23:40:54'),(306,7,'Maylyn Loteyro',0,38,0,0,18,0,'2015-07-23 11:02:34','2015-08-12 23:40:54'),(307,4,'Mark Sevillano',0,0,23,0,0,0,'2015-07-23 11:38:30','2015-08-12 23:40:54'),(308,4,'Mave Rick Villar',0,28,23,10,17,0,'2015-07-23 11:38:41','2015-08-12 23:40:54'),(309,4,'Richard Banta',0,0,23,0,0,0,'2015-07-23 11:38:53','2015-08-12 23:40:55'),(310,4,'Rhea Benitez',0,0,23,0,0,0,'2015-07-23 11:39:02','2015-08-12 23:40:55'),(311,4,'Elmer Arana',0,28,23,10,18,0,'2015-07-23 11:39:17','2015-08-12 23:40:55'),(312,4,'Jordan Muyna',0,0,23,0,0,0,'2015-07-23 11:40:39','2015-08-12 23:40:55'),(313,7,'Marco Edward Calilao',0,38,22,0,0,0,'2015-07-23 11:42:26','2015-08-12 23:40:55'),(314,7,'Maria Jesusa Donna Nuyles',0,38,23,0,0,0,'2015-07-23 11:42:40','2015-08-12 23:40:55'),(315,7,'Marjorie Jane Javellana',0,38,23,0,0,0,'2015-07-23 11:42:58','2015-08-12 23:40:55'),(316,7,'Rey-An Llaguno',0,38,23,0,0,0,'2015-07-23 11:43:12','2015-08-12 23:40:55'),(317,7,'Leny Rejuso',0,38,23,0,0,0,'2015-07-23 11:43:22','2015-08-12 23:40:55'),(318,7,'Edelyn Ajero',0,36,23,0,0,0,'2015-07-23 11:43:38','2015-08-12 23:40:55'),(319,7,'Annie Rose Datun',0,36,23,0,0,0,'2015-07-23 11:43:50','2015-08-12 23:40:55'),(320,7,'Michael Kim Silot',0,38,23,0,0,0,'2015-07-23 11:44:01','2015-08-12 23:40:55'),(321,7,'Cyril Alpajaro',0,38,22,0,0,0,'2015-07-23 11:44:12','2015-08-12 23:40:55'),(322,7,'Juvynel Luzon',0,36,22,0,0,0,'2015-07-23 11:44:27','2015-08-12 23:40:55'),(323,7,'Krisna Miranda',0,36,23,0,0,0,'2015-07-23 11:44:40','2015-08-12 23:40:55'),(324,7,'Mae Bartolabac',0,38,23,0,0,0,'2015-07-23 11:44:53','2015-08-12 23:40:55'),(325,7,'Francisco Gonzalez Jr.',0,36,0,0,18,0,'2015-07-23 12:33:22','2015-08-12 23:40:55'),(326,10,'Rex',0,0,0,0,17,0,'2015-07-23 13:13:53','2015-08-12 23:40:55'),(327,4,'Micko',0,0,0,0,18,0,'2015-07-23 13:40:41','2015-08-12 23:40:55'),(328,10,'Alex',0,0,22,0,0,0,'2015-07-23 15:13:40','2015-08-12 23:40:55'),(329,8,'Lomeriano Pajes',0,36,23,0,0,0,'2015-07-23 16:33:44','2015-08-12 23:40:55'),(330,8,'Christian Menes',0,0,0,0,18,0,'2015-07-23 16:34:04','2015-08-12 23:40:55'),(331,8,'Ruben Bajaro',0,36,22,0,0,0,'2015-07-23 16:47:54','2015-08-12 23:40:55'),(332,8,'sha',0,36,22,0,0,0,'2015-07-23 16:48:06','2015-08-12 23:40:55'),(333,8,'Sharlon De Lumen',0,36,22,0,0,0,'2015-07-23 17:13:06','2015-08-12 23:40:55'),(334,10,'Raymund Naz',0,0,0,0,17,0,'2015-07-23 18:00:32','2015-08-12 23:40:55'),(335,10,'Raymund',0,0,0,0,17,0,'2015-07-23 18:01:22','2015-08-12 23:40:55'),(336,10,'Kristine',0,0,25,0,0,0,'2015-07-24 09:00:59','2015-08-12 23:40:55'),(337,7,'Maylyn Loteyro',0,39,0,0,19,0,'2015-07-24 09:04:50','2015-08-12 23:40:55'),(338,7,'Ron John Villanueva',0,39,0,0,0,0,'2015-07-24 09:05:13','2015-08-12 23:40:55'),(339,7,'Maylyn Loteyro',0,39,0,0,0,0,'2015-07-24 09:05:40','2015-08-12 23:40:55'),(340,7,'Ray Ian Raviz',0,39,0,0,0,0,'2015-07-24 09:05:50','2015-08-12 23:40:55'),(341,3,'Isma',0,0,24,0,0,0,'2015-07-24 10:44:23','2015-08-12 23:40:55'),(342,10,'Isma',0,0,24,0,0,0,'2015-07-24 10:44:40','2015-08-12 23:40:55'),(343,10,'Quartz',0,0,24,0,0,0,'2015-07-24 10:52:50','2015-08-12 23:40:55'),(344,7,'Erwin Ryan Inacay',0,40,24,0,0,0,'2015-07-24 11:05:08','2015-08-12 23:40:55'),(345,7,'Marco Edward Calilao',0,39,24,0,0,0,'2015-07-24 11:05:19','2015-08-12 23:40:55'),(346,7,'Maria Jesusa Donna Nuyles',0,39,25,0,0,0,'2015-07-24 11:05:33','2015-08-12 23:40:55'),(347,7,'Leny Rejuso',0,39,25,0,0,0,'2015-07-24 11:05:48','2015-08-12 23:40:55'),(348,7,'Rey-An Llaguno',0,40,25,0,0,0,'2015-07-24 11:06:00','2015-08-12 23:40:55'),(349,7,'Michael Kim Silot',0,40,24,0,0,0,'2015-07-24 11:06:22','2015-08-12 23:40:55'),(350,7,'Annie Rose Datun',0,39,25,0,0,0,'2015-07-24 11:06:35','2015-08-12 23:40:55'),(351,7,'Krisna Miranda',0,40,25,0,0,0,'2015-07-24 11:06:56','2015-08-12 23:40:55'),(352,7,'Kristine Gonzalez',0,39,0,0,0,0,'2015-07-24 11:07:04','2015-08-12 23:40:55'),(353,7,'Mae Bartolabac',0,39,24,0,0,0,'2015-07-24 11:07:17','2015-08-12 23:40:55'),(354,7,'Juvynel Luzon',0,40,25,0,0,0,'2015-07-24 11:07:33','2015-08-12 23:40:55'),(355,7,'Marjorie Jane Javellana',0,39,25,0,0,0,'2015-07-24 11:44:29','2015-08-12 23:40:55'),(356,4,'Elmer Arana',0,0,24,0,0,0,'2015-07-24 11:59:26','2015-08-12 23:40:55'),(357,4,'Mark Sevillano',0,0,24,0,0,0,'2015-07-24 11:59:46','2015-08-12 23:40:55'),(358,4,'Richard Banta',0,0,24,0,0,0,'2015-07-24 11:59:58','2015-08-12 23:40:55'),(359,4,'Rhea Benitez',0,0,25,0,0,0,'2015-07-24 12:00:06','2015-08-12 23:40:55'),(360,4,'Mave Rick Villar',0,0,24,0,0,0,'2015-07-24 12:10:02','2015-08-12 23:40:55'),(361,7,'Edelyn Ajero',0,39,24,0,0,0,'2015-07-24 12:28:42','2015-08-12 23:40:55'),(362,7,'Cyril Alpajaro',0,40,25,0,0,0,'2015-07-24 12:28:59','2015-08-12 23:40:55'),(363,10,'Raymund',0,0,0,0,19,0,'2015-07-24 19:01:24','2015-08-12 23:40:55'),(364,10,'Rex',0,0,0,0,19,0,'2015-07-24 19:08:01','2015-08-12 23:40:55'),(365,10,'Quartz',0,0,27,0,0,0,'2015-07-25 09:38:26','2015-08-12 23:40:55'),(366,10,'Isma',0,0,27,0,0,0,'2015-07-25 09:42:21','2015-08-12 23:40:55'),(367,10,'Alex',0,0,27,0,0,0,'2015-07-25 09:43:13','2015-08-12 23:40:55'),(368,10,'William',0,0,27,0,0,0,'2015-07-25 09:43:48','2015-08-12 23:40:55'),(369,7,'Erwin Ryan Inacay',0,42,26,0,0,0,'2015-07-25 10:42:30','2015-08-12 23:40:55'),(370,7,'Marco Edward Calilao',0,42,26,0,0,0,'2015-07-25 10:42:47','2015-08-12 23:40:55'),(371,7,'Francisco Gonzalez',0,0,0,0,20,0,'2015-07-25 10:43:35','2015-08-12 23:40:55'),(372,7,'Ray Ian Ravis',0,0,0,0,20,0,'2015-07-25 10:43:42','2015-08-12 23:40:55'),(373,7,'Ron John Villanueva',0,0,0,0,20,0,'2015-07-25 10:43:54','2015-08-12 23:40:55'),(374,7,'Maylyn Loteyro',0,0,0,0,20,0,'2015-07-25 10:44:11','2015-08-12 23:40:55'),(375,7,'Michael Kim Silot',0,41,27,0,0,0,'2015-07-25 10:44:27','2015-08-12 23:40:55'),(376,7,'Leny Rejuso',0,42,27,0,0,0,'2015-07-25 10:45:37','2015-08-12 23:40:55'),(377,7,'Rey-An Llaguno',0,42,27,0,0,0,'2015-07-25 10:45:54','2015-08-12 23:40:55'),(378,7,'Edelyn Ajero',0,42,27,0,0,0,'2015-07-25 10:46:06','2015-08-12 23:40:55'),(379,7,'Annie Rose Datun',0,42,27,0,0,0,'2015-07-25 10:46:17','2015-08-12 23:40:55'),(380,7,'Marjorie Jane Javellana',0,42,27,0,0,0,'2015-07-25 10:46:29','2015-08-12 23:40:55'),(381,7,'Maria Jesusa Donna Nuyles',0,42,27,0,0,0,'2015-07-25 10:46:44','2015-08-12 23:40:55'),(382,7,'Krisna Miranda',0,41,27,0,0,0,'2015-07-25 10:46:59','2015-08-12 23:40:55'),(383,7,'Juvynel Luzon',0,41,26,0,0,0,'2015-07-25 10:47:16','2015-08-12 23:40:55'),(384,7,'Kristine Gonzalez',0,42,0,0,0,0,'2015-07-25 10:47:50','2015-08-12 23:40:55'),(385,4,'Mark Sevillano:',0,0,26,0,0,0,'2015-07-25 12:08:26','2015-08-12 23:40:55'),(386,4,'Mave Rick Villar',0,0,26,0,0,0,'2015-07-25 12:08:42','2015-08-12 23:40:55'),(387,4,'Rhea Benitez',0,0,26,0,0,0,'2015-07-25 12:08:57','2015-08-12 23:40:55'),(388,4,'Elmer Araña',0,0,26,0,0,0,'2015-07-25 12:09:26','2015-08-12 23:40:55'),(389,4,'Richard Banta',0,0,26,0,0,0,'2015-07-25 12:09:58','2015-08-12 23:40:55'),(390,8,'Jesabel Mangampo',0,41,26,0,0,0,'2015-07-25 12:27:26','2015-08-12 23:40:55'),(391,8,'Alex Bartolata',0,42,27,0,0,0,'2015-07-25 12:28:17','2015-08-12 23:40:55'),(392,8,'Jason Bande',0,41,27,0,0,0,'2015-07-25 12:29:05','2015-08-12 23:40:55'),(393,8,'Ruben Bajaro',0,42,26,0,20,0,'2015-07-25 12:29:26','2015-08-12 23:40:55'),(394,8,'Mher Lomerano',0,41,27,0,0,0,'2015-07-25 12:29:46','2015-08-12 23:40:55'),(395,8,'Christian Menes',0,0,0,0,20,0,'2015-07-25 12:30:07','2015-08-12 23:40:55'),(396,8,'Jason Llanera',0,42,27,0,0,0,'2015-07-25 12:30:49','2015-08-12 23:40:55'),(397,8,'Sharlon De Lumen',0,41,27,0,20,0,'2015-07-25 12:31:22','2015-08-12 23:40:55'),(398,7,'Cyril Alpajaro',0,42,27,0,0,0,'2015-07-25 14:31:20','2015-08-12 23:40:55'),(399,7,'Mae Bartolabac',0,41,27,0,0,0,'2015-07-25 14:31:37','2015-08-12 23:40:55'),(400,4,'Jordan Muyna',0,0,26,0,0,0,'2015-07-25 17:03:47','2015-08-12 23:40:55'),(401,10,'Raymund',0,0,0,0,20,0,'2015-07-25 19:28:06','2015-08-12 23:40:55'),(402,7,'Marco Edward Calilao',0,44,28,0,0,0,'2015-07-27 10:26:34','2015-08-12 23:40:55'),(403,8,'Jesabel Mangampo',0,43,28,0,0,0,'2015-07-27 10:28:05','2015-08-12 23:40:55'),(404,8,'Alex Bartolata',0,44,28,0,0,0,'2015-07-27 10:28:40','2015-08-12 23:40:55'),(405,8,'Ruben Bajaro',0,43,28,0,21,0,'2015-07-27 10:29:00','2015-08-12 23:40:55'),(406,8,'Jason Llarena',0,43,28,0,0,0,'2015-07-27 10:29:14','2015-08-12 23:40:55'),(407,8,'Jason Bande',0,43,28,0,0,0,'2015-07-27 10:29:25','2015-08-12 23:40:55'),(408,8,'Lomeriano Pajes',0,43,28,0,0,0,'2015-07-27 10:29:35','2015-08-12 23:40:55'),(409,8,'Alex Bartolata',0,43,30,0,0,0,'2015-07-27 10:29:59','2015-08-12 23:40:55'),(410,8,'Alex Bartolata',0,44,30,0,0,0,'2015-07-27 10:33:07','2015-08-12 23:40:55'),(411,8,'Sharlon De Lumen',0,43,28,0,21,0,'2015-07-27 10:33:21','2015-08-12 23:40:55'),(412,8,'Christian Menes',0,0,0,0,21,0,'2015-07-27 10:33:29','2015-08-12 23:40:55'),(413,7,'Juvynel Luzon',0,44,30,0,0,0,'2015-07-27 10:35:29','2015-08-12 23:40:55'),(414,7,'Maria Jesusa Donna Nuyles',0,43,28,0,0,0,'2015-07-27 10:36:21','2015-08-12 23:40:55'),(415,7,'Michael Kim Silot',0,43,30,0,0,0,'2015-07-27 10:37:29','2015-08-12 23:40:55'),(416,7,'Lenny Rejuso',0,44,30,0,0,0,'2015-07-27 10:47:17','2015-08-12 23:40:55'),(417,7,'Rey-an Llaguno',0,43,28,0,0,0,'2015-07-27 10:47:50','2015-08-12 23:40:55'),(418,7,'Marjorie Javellana',0,43,28,0,0,0,'2015-07-27 10:48:40','2015-08-12 23:40:55'),(419,7,'Robert Duncan',0,43,30,0,0,0,'2015-07-27 10:48:55','2015-08-12 23:40:55'),(420,10,'Ismael Bilarma',0,0,28,0,0,0,'2015-07-27 10:49:03','2015-08-12 23:40:55'),(421,10,'Johnel Balaoro',0,0,30,0,0,0,'2015-07-27 10:49:24','2015-08-12 23:40:55'),(422,10,'William Anonuevo',0,0,28,0,0,0,'2015-07-27 10:51:26','2015-08-12 23:40:55'),(423,7,'Erwin Ryan Inacay',0,43,28,0,0,0,'2015-07-27 10:51:49','2015-08-12 23:40:55'),(424,7,'Maylyn Loteyro',0,43,30,0,0,0,'2015-07-27 10:52:09','2015-08-12 23:40:55'),(425,10,'Kristine Basbacio',0,0,28,0,0,0,'2015-07-27 10:52:32','2015-08-12 23:40:55'),(426,10,'Alexander Bellen',0,0,28,0,0,0,'2015-07-27 10:52:43','2015-08-12 23:40:55'),(427,7,'Anne Datun',0,43,30,0,0,0,'2015-07-27 10:53:11','2015-08-12 23:40:55'),(428,7,'Edelyn Ajero',0,43,30,0,0,0,'2015-07-27 10:53:34','2015-08-12 23:40:55'),(429,10,'Sherry Albaytar',0,0,28,0,0,0,'2015-07-27 10:53:52','2015-08-12 23:40:55'),(430,7,'Mae bartolabac',0,43,28,0,0,0,'2015-07-27 10:53:59','2015-08-12 23:40:55'),(431,10,'Guia Alarkon',0,0,28,0,0,0,'2015-07-27 10:54:02','2015-08-12 23:40:55'),(432,10,'Mikee Encinas',0,0,30,0,0,0,'2015-07-27 10:54:12','2015-08-12 23:40:55'),(433,9,'Mark',0,0,30,0,0,0,'2015-07-27 11:35:46','2015-08-12 23:40:55'),(434,7,'Cyril Alpajaro',0,44,30,0,0,0,'2015-07-27 11:40:33','2015-08-12 23:40:55'),(435,4,'Richard Banta',0,0,30,0,0,0,'2015-07-27 13:04:12','2015-08-12 23:40:55'),(436,4,'Rhea Benitez',0,0,30,0,0,0,'2015-07-27 13:04:21','2015-08-12 23:40:55'),(437,4,'Mark Sevillano:',0,0,30,0,0,0,'2015-07-27 13:04:36','2015-08-12 23:40:55'),(438,4,'Mave Rick Villar',0,0,28,0,21,0,'2015-07-27 13:04:50','2015-08-12 23:40:55'),(439,10,'Joanne Perez',0,0,30,0,21,0,'2015-07-27 16:40:38','2015-08-12 23:40:55'),(440,10,'Josef Advincula',0,0,30,0,0,0,'2015-07-27 16:40:56','2015-08-12 23:40:55'),(441,10,'Josef Advincula',0,0,0,0,21,0,'2015-07-27 16:42:41','2015-08-12 23:40:55'),(442,4,'Elmer Arana',0,0,30,0,21,0,'2015-07-27 16:46:22','2015-08-12 23:40:55'),(443,4,'Micko',0,0,0,0,21,0,'2015-07-27 16:46:40','2015-08-12 23:40:55'),(444,4,'Alex',0,0,0,0,21,0,'2015-07-27 16:47:12','2015-08-12 23:40:55'),(445,4,'Johncis Belista',0,0,0,0,21,0,'2015-07-27 16:48:00','2015-08-12 23:40:55'),(446,7,'Francisco Gonzalez Jr.',0,43,0,0,21,0,'2015-07-27 16:51:00','2015-08-12 23:40:55'),(447,7,'Ray Ian Raviz',0,43,0,0,21,0,'2015-07-27 16:51:10','2015-08-12 23:40:55'),(448,7,'Ron John Villanueva',0,43,0,0,21,0,'2015-07-27 16:51:23','2015-08-12 23:40:55'),(449,7,'Francisco Gonzalez Jr.',0,46,0,0,22,0,'2015-07-28 09:03:14','2015-08-12 23:40:55'),(450,10,'Johnel Balaoro',0,0,31,0,0,0,'2015-07-28 09:12:18','2015-08-12 23:40:55'),(451,10,'Mikee Encinas',0,0,31,0,0,0,'2015-07-28 09:12:39','2015-08-12 23:40:55'),(452,10,'Sherry Albaytar',0,0,32,0,0,0,'2015-07-28 09:12:51','2015-08-12 23:40:55'),(453,10,'Guia Alarkon',0,0,32,0,0,0,'2015-07-28 09:13:01','2015-08-12 23:40:55'),(454,10,'William Anonuevo',0,0,32,0,0,0,'2015-07-28 09:13:38','2015-08-12 23:40:55'),(455,10,'Joanne Perez',0,45,0,0,0,0,'2015-07-28 09:13:53','2015-08-12 23:40:55'),(456,10,'Josef Advincula',0,46,0,0,0,0,'2015-07-28 09:14:03','2015-08-12 23:40:55'),(457,10,'Josef Advincula',0,0,0,0,22,0,'2015-07-28 09:14:15','2015-08-12 23:40:55'),(458,10,'Joanne Perez',0,0,0,0,22,0,'2015-07-28 09:14:21','2015-08-12 23:40:55'),(459,10,'Alexander Bellen',0,0,32,0,0,0,'2015-07-28 09:17:04','2015-08-12 23:40:55'),(460,8,'Jesabel Mangampo',0,46,31,0,0,0,'2015-07-28 10:35:03','2015-08-12 23:40:55'),(461,8,'Alex Bartolata',0,45,32,0,0,0,'2015-07-28 10:35:53','2015-08-12 23:40:55'),(462,8,'Jason Bande',0,46,31,0,0,0,'2015-07-28 10:36:41','2015-08-12 23:40:55'),(463,8,'Mher Lomerano',0,45,31,0,0,0,'2015-07-28 10:37:23','2015-08-12 23:40:55'),(464,8,'Ruben Bajaro',0,45,31,0,0,0,'2015-07-28 10:37:48','2015-08-12 23:40:55'),(465,8,'Jason Llanera',0,45,31,0,0,0,'2015-07-28 10:38:18','2015-08-12 23:40:55'),(466,8,'Christian Menes',0,0,0,0,22,0,'2015-07-28 10:38:45','2015-08-12 23:40:55'),(467,8,'Sherwin De Lumen',0,45,32,0,22,0,'2015-07-28 10:39:18','2015-08-12 23:40:55'),(468,7,'Marco Edward Calilao',0,45,32,0,0,0,'2015-07-28 11:54:27','2015-08-12 23:40:56'),(469,7,'Edelyn Ajero',0,45,32,0,0,0,'2015-07-28 11:56:34','2015-08-12 23:40:56'),(470,7,'Marjorie Javellana',0,45,31,0,0,0,'2015-07-28 11:56:53','2015-08-12 23:40:56'),(471,7,'Erwin Ryan Inacay',0,45,32,0,0,0,'2015-07-28 11:57:15','2015-08-12 23:40:56'),(472,7,'Robert Duncan',0,45,32,0,0,0,'2015-07-28 11:57:33','2015-08-12 23:40:56'),(473,7,'Rey-an Llaguno',0,46,31,0,0,0,'2015-07-28 11:58:01','2015-08-12 23:40:56'),(474,7,'Lenny Rejuso',0,45,31,0,0,0,'2015-07-28 11:58:22','2015-08-12 23:40:56'),(475,7,'Mae bartolabac',0,45,32,0,0,0,'2015-07-28 11:58:42','2015-08-12 23:40:56'),(476,7,'Michael Kim Silot',0,45,32,0,0,0,'2015-07-28 11:59:11','2015-08-12 23:40:56'),(477,7,'Anne datun',0,46,32,0,0,0,'2015-07-28 11:59:28','2015-08-12 23:40:56'),(478,7,'Maylyn Loteyro',0,46,31,0,0,0,'2015-07-28 11:59:43','2015-08-12 23:40:56'),(479,7,'Maria jesusa Donna Nuyles',0,46,31,0,0,0,'2015-07-28 12:00:15','2015-08-12 23:40:56'),(480,7,'Juvynel Luzon',0,46,31,0,0,0,'2015-07-28 12:17:05','2015-08-12 23:40:56'),(481,6,'Richard Alamer',0,0,31,0,0,0,'2015-07-28 15:47:09','2015-08-12 23:40:56'),(482,6,'Justin Belga',0,0,32,0,0,0,'2015-07-28 15:56:43','2015-08-12 23:40:56'),(483,6,'Joshua Ruiz',0,0,31,0,0,0,'2015-07-28 15:57:08','2015-08-12 23:40:56'),(484,4,'Rhea Benitez',0,0,31,15,0,0,'2015-07-28 16:44:51','2015-08-12 23:40:56'),(485,4,'Mark Sevillano',0,0,32,15,0,0,'2015-07-28 16:45:16','2015-08-12 23:40:56'),(486,4,'Richard Banta',0,0,32,13,0,0,'2015-07-28 16:46:21','2015-08-12 23:40:56'),(487,4,'Mave Rick Villar',0,0,31,15,22,0,'2015-07-28 16:47:09','2015-08-12 23:40:56'),(488,4,'Elmer Arana',0,0,32,14,22,0,'2015-07-28 16:48:17','2015-08-12 23:40:56'),(489,4,'Micko',0,0,0,0,22,0,'2015-07-28 16:48:33','2015-08-12 23:40:56'),(490,4,'Johncis Belista',0,0,0,0,22,0,'2015-07-28 16:48:47','2015-08-12 23:40:56'),(491,4,'Jordan Muyna',0,0,32,15,0,0,'2015-07-28 16:49:13','2015-08-12 23:40:56'),(492,10,'Johnel Balaoro',0,0,33,0,0,0,'2015-07-29 08:44:04','2015-08-12 23:40:56'),(493,10,'Mikee Encinas',0,0,33,0,0,0,'2015-07-29 08:45:41','2015-08-12 23:40:56'),(494,10,'Guia Alarkon',0,0,33,0,0,0,'2015-07-29 08:45:50','2015-08-12 23:40:56'),(495,10,'Joanne Perez',0,0,0,0,23,0,'2015-07-29 08:51:42','2015-08-12 23:40:56'),(496,10,'Ismael Bilarma',0,0,34,0,0,0,'2015-07-29 08:56:03','2015-08-12 23:40:56'),(497,7,'Erwin Ryan Inacay',0,47,33,0,0,0,'2015-07-29 10:21:35','2015-08-12 23:40:56'),(498,7,'Anne Datun',0,48,33,0,0,0,'2015-07-29 10:21:56','2015-08-12 23:40:56'),(499,7,'Edelyn Ajero',0,47,33,0,0,0,'2015-07-29 10:22:11','2015-08-12 23:40:56'),(500,7,'Maylyn Loteyro',0,47,33,0,0,0,'2015-07-29 10:22:31','2015-08-12 23:40:56'),(501,7,'Juvynel Luzon',0,48,34,0,0,0,'2015-07-29 10:22:55','2015-08-12 23:40:56'),(502,7,'Mae bartolabac',0,47,33,0,0,0,'2015-07-29 10:23:12','2015-08-12 23:40:56'),(503,7,'Maria jesusa Donna Nuyles',0,47,34,0,0,0,'2015-07-29 10:23:26','2015-08-12 23:40:56'),(504,7,'Michael Kim Silot',0,47,33,0,0,0,'2015-07-29 10:23:40','2015-08-12 23:40:56'),(505,7,'Lenny Rejuso',0,47,33,0,0,0,'2015-07-29 10:23:57','2015-08-12 23:40:56'),(506,7,'Rey-an Llaguno',0,48,33,0,0,0,'2015-07-29 10:24:17','2015-08-12 23:40:56'),(507,7,'Cyril Alpajaro',0,47,33,0,0,0,'2015-07-29 10:24:34','2015-08-12 23:40:56'),(508,7,'Marjorie Javellana',0,47,33,0,0,0,'2015-07-29 10:24:51','2015-08-12 23:40:56'),(509,7,'Ronj John Villanueva',0,48,0,0,23,0,'2015-07-29 11:01:58','2015-08-12 23:40:56'),(510,7,'Ray Ian Raviz',0,47,0,0,23,0,'2015-07-29 11:02:18','2015-08-12 23:40:56'),(511,6,'Richard Alamer',0,0,33,0,0,0,'2015-07-29 11:10:53','2015-08-12 23:40:56'),(512,6,'Justin Belga',0,0,34,0,0,0,'2015-07-29 11:12:32','2015-08-12 23:40:56'),(513,6,'Joshua Ruiz',0,0,33,0,23,0,'2015-07-29 11:16:36','2015-08-12 23:40:56'),(514,7,'Marco Edward Calilao',0,47,33,16,0,0,'2015-07-29 11:18:43','2015-08-12 23:40:56'),(515,8,'Jesabel Mangampo',0,47,33,0,0,0,'2015-07-29 12:26:19','2015-08-12 23:40:56'),(516,8,'Alex Bartolata',0,48,34,0,0,0,'2015-07-29 12:27:24','2015-08-12 23:40:56'),(517,8,'Jason Bande',0,47,34,0,0,0,'2015-07-29 12:27:52','2015-08-12 23:40:56'),(518,8,'Mher Lomerano',0,47,34,0,0,0,'2015-07-29 12:28:25','2015-08-12 23:40:56'),(519,8,'Jason Llanera',0,48,33,0,0,0,'2015-07-29 12:29:10','2015-08-12 23:40:56'),(520,8,'Christian Menes',0,0,0,0,23,0,'2015-07-29 12:29:34','2015-08-12 23:40:56'),(521,8,'Sherwin De Lumen',0,47,34,0,23,0,'2015-07-29 12:29:55','2015-08-12 23:40:56'),(522,8,'Ruben Bajaro',0,47,34,0,23,0,'2015-07-29 12:30:26','2015-08-12 23:40:56'),(523,4,'Rhea Benitez',0,0,33,19,0,0,'2015-07-29 12:56:07','2015-08-12 23:40:56'),(524,4,'Richard Banta',0,0,33,16,0,0,'2015-07-29 12:56:29','2015-08-12 23:40:56'),(525,4,'Mark Sevillano',0,0,33,19,0,0,'2015-07-29 12:56:50','2015-08-12 23:40:56'),(526,4,'Elmer Araña',0,0,33,16,23,0,'2015-07-29 12:57:09','2015-08-12 23:40:56'),(527,4,'Mave Rick Villar',0,0,33,19,23,0,'2015-07-29 12:57:35','2015-08-12 23:40:56'),(528,4,'Micko',0,0,0,0,23,0,'2015-07-29 12:57:53','2015-08-12 23:40:56'),(529,4,'Johncis Belista',0,0,0,0,23,0,'2015-07-29 12:58:18','2015-08-12 23:40:56'),(530,9,'Ramil Moral',0,0,33,0,0,0,'2015-07-29 14:59:02','2015-08-12 23:40:56'),(531,9,'Mae Tiansay',0,0,0,17,0,0,'2015-07-29 15:01:33','2015-08-12 23:40:56'),(532,10,'Rex',0,0,0,0,23,0,'2015-07-29 16:37:56','2015-08-12 23:40:56'),(533,10,'Rex Jimenez',0,0,0,0,23,0,'2015-07-29 16:38:21','2015-08-12 23:40:56'),(534,10,'William Anonuevo',0,0,36,0,0,0,'2015-07-30 08:03:12','2015-08-12 23:40:56'),(535,10,'Johnel Balaoro',0,0,35,0,0,0,'2015-07-30 08:06:11','2015-08-12 23:40:56'),(536,8,'Jesabel Mangampo',0,49,35,0,0,0,'2015-07-30 08:33:40','2015-08-12 23:40:56'),(537,8,'Alex Bartolata',0,50,36,0,0,0,'2015-07-30 08:34:01','2015-08-12 23:40:56'),(538,8,'Alex Bartolata',0,50,36,0,0,0,'2015-07-30 08:34:44','2015-08-12 23:40:56'),(539,8,'Jason Bande',0,49,35,0,0,0,'2015-07-30 08:35:27','2015-08-12 23:40:56'),(540,8,'Jason Llanera',0,49,35,0,0,0,'2015-07-30 08:35:57','2015-08-12 23:40:56'),(541,8,'Sherwin De Lumen',0,49,35,0,24,0,'2015-07-30 08:36:21','2015-08-12 23:40:56'),(542,8,'Christian Menes',0,0,0,0,24,0,'2015-07-30 08:36:39','2015-08-12 23:40:56'),(543,8,'Ruben Bajaro',0,50,35,0,24,0,'2015-07-30 08:37:03','2015-08-12 23:40:56'),(544,10,'Kristine Basbacio',0,0,35,0,0,0,'2015-07-30 08:38:51','2015-08-12 23:40:56'),(545,10,'Sherry Albaytar',0,0,36,0,0,0,'2015-07-30 09:47:22','2015-08-12 23:40:56'),(546,10,'Mikee Encinas',0,0,36,0,0,0,'2015-07-30 09:47:32','2015-08-12 23:40:56'),(547,10,'Guia Alarkon',0,0,36,0,0,0,'2015-07-30 09:47:40','2015-08-12 23:40:56'),(548,10,'Joanne Perez',0,50,0,0,0,0,'2015-07-30 09:47:56','2015-08-12 23:40:56'),(549,7,'Mae bartolabac',0,49,36,0,0,0,'2015-07-30 11:31:37','2015-08-12 23:40:56'),(550,7,'Krisna Miranda',0,49,35,0,0,0,'2015-07-30 11:32:04','2015-08-12 23:40:56'),(551,7,'Edelyn Ajero',0,49,36,0,0,0,'2015-07-30 11:32:29','2015-08-12 23:40:56'),(552,7,'Maylyn Loteyro',0,50,35,0,0,0,'2015-07-30 11:32:55','2015-08-12 23:40:56'),(553,7,'Cyril Alpajaro',0,50,35,0,0,0,'2015-07-30 11:33:17','2015-08-12 23:40:56'),(554,7,'Erwin Ryan Inacay',0,49,35,0,0,0,'2015-07-30 11:34:03','2015-08-12 23:40:56'),(555,7,'Juvynel Luzon',0,50,36,0,0,0,'2015-07-30 11:36:32','2015-08-12 23:40:56'),(556,7,'Rey-an Llaguno',0,50,36,0,0,0,'2015-07-30 11:36:54','2015-08-12 23:40:56'),(557,7,'Lenny Rejuso',0,50,35,0,0,0,'2015-07-30 11:37:19','2015-08-12 23:40:56'),(558,7,'Ray Ian Raviz',0,49,0,0,24,0,'2015-07-30 11:37:47','2015-08-12 23:40:56'),(559,7,'Ronj John Villanueva',0,49,0,0,24,0,'2015-07-30 11:38:06','2015-08-12 23:40:56'),(560,7,'Marjorie Javellana',0,50,35,0,0,0,'2015-07-30 11:38:43','2015-08-12 23:40:56'),(561,7,'Maria jesusa Donna Nuyles',0,49,35,0,0,0,'2015-07-30 11:39:25','2015-08-12 23:40:56'),(562,7,'Krisna Miranda',0,49,35,0,0,0,'2015-07-30 11:45:11','2015-08-12 23:40:56'),(563,7,'Marco Edward Calilao',0,49,36,21,0,0,'2015-07-30 11:59:18','2015-08-12 23:40:56'),(564,10,'Ismael Bilarma',0,0,35,0,0,0,'2015-07-30 13:04:52','2015-08-12 23:40:56'),(565,10,'Alexander Bellen',0,0,35,0,0,0,'2015-07-30 13:06:54','2015-08-12 23:40:56'),(566,7,'Michael Kim Silot',0,49,36,0,0,0,'2015-07-30 14:21:16','2015-08-12 23:40:56'),(567,10,'Karla Morta',0,51,0,0,0,0,'2015-07-31 08:49:57','2015-08-12 23:40:56'),(568,10,'Imee Olarte',0,51,0,0,0,0,'2015-07-31 08:50:05','2015-08-12 23:40:56'),(569,10,'William Anonuevo',0,0,38,26,0,0,'2015-07-31 09:18:52','2015-08-12 23:40:56'),(570,10,'Ismael Bilarma',0,0,38,25,0,0,'2015-07-31 09:19:20','2015-08-12 23:40:56'),(571,10,'Leslie Gaveria',0,0,37,25,0,0,'2015-07-31 09:19:43','2015-08-12 23:40:56'),(572,10,'Alexander Bellen',0,0,38,26,0,0,'2015-07-31 09:19:57','2015-08-12 23:40:56'),(573,10,'Julie Nieva',0,0,37,26,0,0,'2015-07-31 09:49:49','2015-08-12 23:40:56'),(574,7,'Anne Datun',0,0,38,24,0,0,'2015-07-31 09:57:14','2015-08-12 23:40:56'),(575,7,'Marjorie Javellana',0,0,38,26,0,0,'2015-07-31 09:57:37','2015-08-12 23:40:56'),(576,7,'Cyril Alpajaro',0,0,37,25,0,0,'2015-07-31 09:58:02','2015-08-12 23:40:56'),(577,7,'Leny Rejuso',0,0,38,26,0,0,'2015-07-31 09:58:28','2015-08-12 23:40:56'),(578,7,'Edelyn Ajero',0,0,38,25,0,0,'2015-07-31 09:59:01','2015-08-12 23:40:56'),(579,7,'Maylyn Loteyro',0,0,38,25,0,0,'2015-07-31 09:59:27','2015-08-12 23:40:56'),(580,7,'Mae Bartolabac',0,0,38,25,0,0,'2015-07-31 10:00:01','2015-08-12 23:40:56'),(581,7,'Juvynel Luzon',0,0,37,25,0,0,'2015-07-31 10:00:29','2015-08-12 23:40:56'),(582,7,'Michael Kim Silot',0,0,38,24,0,0,'2015-07-31 10:01:03','2015-08-12 23:40:56'),(583,7,'Krisna Miranda',0,0,38,25,0,0,'2015-07-31 10:01:39','2015-08-12 23:40:56'),(584,7,'Rey-an Llaguno',0,0,37,26,0,0,'2015-07-31 10:02:22','2015-08-12 23:40:56'),(585,7,'Maria Jesusa Donna Nuyles',0,0,38,26,0,0,'2015-07-31 10:03:02','2015-08-12 23:40:56'),(586,7,'Ronj John Villanueva',0,0,0,24,25,0,'2015-07-31 10:03:34','2015-08-12 23:40:56'),(587,7,'Ray Ian Raviz',0,0,0,25,25,0,'2015-07-31 10:03:52','2015-08-12 23:40:56'),(588,4,'Mave Rick Villar',0,0,37,25,25,0,'2015-07-31 11:09:28','2015-08-12 23:40:56'),(589,4,'Elmer Araña',0,0,37,26,25,0,'2015-07-31 11:09:53','2015-08-12 23:40:56'),(590,4,'Mark Sevillano',0,0,37,26,0,0,'2015-07-31 11:10:15','2015-08-12 23:40:56'),(591,4,'Richard Banta',0,0,37,26,0,0,'2015-07-31 11:10:29','2015-08-12 23:40:56'),(592,4,'Rhea Benitez',0,0,38,26,0,0,'2015-07-31 11:10:39','2015-08-12 23:40:56'),(593,4,'Daryl Joyce Lopez',0,0,37,24,0,0,'2015-07-31 11:11:04','2015-08-12 23:40:56'),(594,4,'Micko',0,0,0,0,25,0,'2015-07-31 11:11:27','2015-08-12 23:40:56'),(595,4,'Ryan',0,0,0,0,25,0,'2015-07-31 11:11:37','2015-08-12 23:40:56'),(596,4,'Johncis Belista',0,0,0,0,25,0,'2015-07-31 11:11:51','2015-08-12 23:40:56'),(597,4,'Alex',0,0,0,0,25,0,'2015-07-31 11:12:06','2015-08-12 23:40:56'),(598,10,'John Tenedero',0,51,0,26,0,0,'2015-07-31 11:26:19','2015-08-12 23:40:56'),(599,10,'Mikee Encinas',0,0,38,26,0,0,'2015-07-31 11:26:33','2015-08-12 23:40:56'),(600,10,'Sherry Albaytar',0,0,37,26,0,0,'2015-07-31 11:26:44','2015-08-12 23:40:56'),(601,7,'Erwin Ryan Inacay',0,0,37,25,0,0,'2015-07-31 11:38:17','2015-08-12 23:40:56'),(602,7,'Marjorie Jane Javellana',0,0,38,25,0,0,'2015-07-31 11:54:06','2015-08-12 23:40:56'),(603,10,'Christian Marana',0,51,0,26,0,0,'2015-07-31 15:14:21','2015-08-12 23:40:56'),(604,10,'Jonathan Placer',0,0,38,26,0,0,'2015-07-31 15:14:36','2015-08-12 23:40:56'),(605,10,'Amit',0,0,0,25,0,0,'2015-07-31 15:14:47','2015-08-12 23:40:56'),(606,10,'Ian Lleva',0,0,37,26,0,0,'2015-07-31 15:15:00','2015-08-12 23:40:56'),(607,10,'Vicente Repolles',0,0,38,26,0,0,'2015-07-31 15:15:14','2015-08-12 23:40:56'),(608,10,'Evan Dela Pena',0,0,38,26,0,0,'2015-07-31 15:15:28','2015-08-12 23:40:56'),(609,10,'Venus Duran',0,0,38,25,0,0,'2015-07-31 15:15:40','2015-08-12 23:40:56'),(610,10,'Kristine Basbacio',0,0,38,25,0,0,'2015-07-31 15:15:56','2015-08-12 23:40:56'),(611,10,'Rex Jimenez',0,0,0,0,25,0,'2015-07-31 15:38:02','2015-08-12 23:40:56'),(612,10,'Carmela',0,0,0,0,25,0,'2015-07-31 15:57:39','2015-08-12 23:40:56'),(613,10,'Carmela',0,0,0,25,25,0,'2015-07-31 15:58:53','2015-08-12 23:40:56'),(614,10,'Rex Jimenez',0,0,0,26,25,0,'2015-07-31 16:01:04','2015-08-12 23:40:56'),(615,8,'Jesabel Mangampo',0,52,37,0,0,0,'2015-07-31 16:44:51','2015-08-12 23:40:56'),(616,8,'Alex Bartolata',0,51,38,0,0,0,'2015-07-31 16:45:19','2015-08-12 23:40:56'),(617,8,'Jackson Bande',0,52,38,0,0,0,'2015-07-31 16:45:45','2015-08-12 23:40:56'),(618,8,'Ruben Bajaro',0,51,37,0,0,0,'2015-07-31 16:46:14','2015-08-12 23:40:56'),(619,8,'Ruben Bajaro',0,51,37,0,25,0,'2015-07-31 16:46:31','2015-08-12 23:40:56'),(620,8,'Jason Llanera',0,52,38,0,0,0,'2015-07-31 16:46:53','2015-08-12 23:40:56'),(621,8,'Christian Menes',0,0,0,0,25,0,'2015-07-31 16:47:07','2015-08-12 23:40:56'),(622,8,'Sherwin De Lumen',0,51,37,0,25,0,'2015-07-31 16:47:22','2015-08-12 23:40:56'),(623,10,'Stacy Zaballa',0,0,0,0,25,0,'2015-07-31 17:02:13','2015-08-12 23:40:56'),(624,10,'Johnel Balaoro',0,0,39,28,0,0,'2015-08-01 09:52:18','2015-08-12 23:40:56'),(625,10,'Miko Anahaw',0,0,40,27,0,0,'2015-08-01 09:52:33','2015-08-12 23:40:56'),(626,10,'Joanne Perez',0,0,40,28,0,0,'2015-08-01 09:52:45','2015-08-12 23:40:56'),(627,10,'Jedidiah Ferrer',0,0,40,27,0,0,'2015-08-01 09:52:59','2015-08-12 23:40:56'),(628,10,'Aries Traquena',0,0,40,28,0,0,'2015-08-01 09:53:13','2015-08-12 23:40:56'),(629,10,'Josef Advincula',0,0,39,0,0,0,'2015-08-01 09:53:21','2015-08-12 23:40:57'),(630,10,'Guia Alarkon',0,54,0,27,0,0,'2015-08-01 09:53:31','2015-08-12 23:40:57'),(631,10,'Christopher Deocareza',0,54,0,29,0,0,'2015-08-01 09:53:52','2015-08-12 23:40:57'),(632,10,'Julie Nieva',0,0,39,29,0,0,'2015-08-01 09:55:10','2015-08-12 23:40:57'),(633,10,'William Anonuevo',0,0,39,27,0,0,'2015-08-01 10:20:23','2015-08-12 23:40:57'),(634,10,'Alexander Bellen',0,0,39,29,0,0,'2015-08-01 10:20:33','2015-08-12 23:40:57'),(635,10,'Leslie Gaveria',0,0,0,27,0,0,'2015-08-01 10:20:43','2015-08-12 23:40:57'),(636,10,'Leslie Gaveria',0,0,39,0,0,0,'2015-08-01 10:20:53','2015-08-12 23:40:57'),(637,10,'John Tenedero',0,0,40,27,0,0,'2015-08-01 10:30:57','2015-08-12 23:40:57'),(638,10,'Mikee Encinas',0,0,39,27,0,0,'2015-08-01 10:31:08','2015-08-12 23:40:57'),(639,10,'Sherry Albaytar',0,0,40,28,0,0,'2015-08-01 10:31:20','2015-08-12 23:40:57'),(640,8,'Jesabel Mangampo',0,54,39,0,0,0,'2015-08-01 10:42:40','2015-08-12 23:40:57'),(641,8,'Alex Bartolata',0,53,40,0,0,0,'2015-08-01 10:43:09','2015-08-12 23:40:57'),(642,8,'Jason Llanera',0,54,39,0,0,0,'2015-08-01 10:43:28','2015-08-12 23:40:57'),(643,8,'Ruben Bajaro',0,54,39,0,26,0,'2015-08-01 10:44:59','2015-08-12 23:40:57'),(644,8,'Jacksoon Bande',0,54,39,0,0,0,'2015-08-01 10:45:14','2015-08-12 23:40:57'),(645,8,'Sherwin De Lumen',0,53,39,0,26,0,'2015-08-01 10:45:33','2015-08-12 23:40:57'),(646,8,'Christian Menes',0,0,0,0,26,0,'2015-08-01 10:45:45','2015-08-12 23:40:57'),(647,8,'Lomerano Pajes',0,53,39,0,0,0,'2015-08-01 10:47:08','2015-08-12 23:40:57'),(648,7,'Marjorie Javellana',0,0,40,27,0,0,'2015-08-01 11:18:11','2015-08-12 23:40:57'),(649,7,'Juvynel Luzon',0,0,39,28,0,0,'2015-08-01 11:18:37','2015-08-12 23:40:57'),(650,7,'Edelyn Ajero',0,0,39,28,0,0,'2015-08-01 11:18:59','2015-08-12 23:40:57'),(651,7,'Maylyn Loteyro',0,0,39,27,0,0,'2015-08-01 11:20:21','2015-08-12 23:40:57'),(652,7,'Anne Datun',0,0,39,28,0,0,'2015-08-01 11:21:30','2015-08-12 23:40:57'),(653,7,'Michael Kim Silot',0,0,40,27,0,0,'2015-08-01 11:22:12','2015-08-12 23:40:57'),(654,7,'Cyril Alpajaro',0,0,39,29,0,0,'2015-08-01 11:24:35','2015-08-12 23:40:57'),(655,7,'Erwin Ryan Inacay',0,0,39,27,0,0,'2015-08-01 11:25:06','2015-08-12 23:40:57'),(656,7,'Krisna Miranda',0,0,39,28,0,0,'2015-08-01 11:25:23','2015-08-12 23:40:57'),(657,7,'Maria Jesusa Donna Nuyles',0,0,39,29,0,0,'2015-08-01 11:25:42','2015-08-12 23:40:57'),(658,7,'Rey-an Llaguno',0,0,39,28,0,0,'2015-08-01 11:26:33','2015-08-12 23:40:57'),(659,7,'Leny Rejuso',0,0,39,28,0,0,'2015-08-01 11:26:56','2015-08-12 23:40:57'),(660,7,'Ray Ian Raviz',0,0,0,28,26,0,'2015-08-01 11:27:49','2015-08-12 23:40:57'),(661,7,'Ronj John Villanueva',0,0,0,28,26,0,'2015-08-01 11:28:16','2015-08-12 23:40:57'),(662,10,'Josef Advincula',0,0,0,27,0,0,'2015-08-01 12:42:05','2015-08-12 23:40:57'),(663,10,'Ismael Bilarma',0,0,39,27,0,0,'2015-08-01 15:08:39','2015-08-12 23:40:57'),(664,10,'Jonathan Placer',0,0,40,28,0,0,'2015-08-01 15:09:17','2015-08-12 23:40:57'),(665,10,'Evan Dela Pena',0,0,39,27,0,0,'2015-08-01 15:09:30','2015-08-12 23:40:57'),(666,10,'Vicente Repolles',0,0,40,27,0,0,'2015-08-01 15:11:00','2015-08-12 23:40:57'),(667,10,'Lea Ranoco',0,54,0,29,0,0,'2015-08-01 15:11:15','2015-08-12 23:40:57'),(668,10,'Christian Marana',0,53,0,28,0,0,'2015-08-01 15:12:27','2015-08-12 23:40:57'),(669,10,'Kristine Basbacio',0,0,39,27,0,0,'2015-08-01 15:23:05','2015-08-12 23:40:57'),(670,10,'Rex Jimenez',0,0,0,29,26,0,'2015-08-01 15:35:41','2015-08-12 23:40:57'),(671,10,'Karla Morta',0,54,0,29,0,0,'2015-08-01 16:59:37','2015-08-12 23:40:57'),(672,10,'Imee Olarte',0,53,0,27,0,0,'2015-08-01 16:59:45','2015-08-12 23:40:57'),(673,10,'Stacy Zaballa',0,0,0,27,26,0,'2015-08-01 17:00:09','2015-08-12 23:40:57'),(674,10,'Raymund Naz',0,0,0,29,26,0,'2015-08-01 17:00:11','2015-08-12 23:40:57'),(675,4,'Rhea Benitez',0,0,39,29,0,0,'2015-08-01 17:31:00','2015-08-12 23:40:57'),(676,4,'Elmer Arana',0,0,40,29,26,0,'2015-08-01 17:31:28','2015-08-12 23:40:57'),(677,4,'Mave Rick Villar',0,0,39,29,26,0,'2015-08-01 17:31:59','2015-08-12 23:40:57'),(678,4,'Mark Sevillano',0,0,39,28,0,0,'2015-08-01 17:32:33','2015-08-12 23:40:57'),(679,4,'Richard Banta',0,0,40,29,0,0,'2015-08-01 17:33:03','2015-08-12 23:40:57'),(680,4,'Daryl Joyce Lopez',0,0,40,29,0,0,'2015-08-01 17:33:35','2015-08-12 23:40:57'),(681,4,'Johncis Belista',0,0,0,0,26,0,'2015-08-01 17:33:55','2015-08-12 23:40:57'),(682,4,'Jordan Muyna',0,0,39,29,0,0,'2015-08-01 17:34:10','2015-08-12 23:40:57'),(683,4,'Micko',0,0,0,0,26,0,'2015-08-01 17:34:18','2015-08-12 23:40:57'),(684,4,'Ryan',0,0,0,0,26,0,'2015-08-01 17:34:26','2015-08-12 23:40:57'),(685,4,'Alex',0,0,0,0,26,0,'2015-08-01 17:34:33','2015-08-12 23:40:57'),(686,7,'Michael Kim Silot',0,0,41,31,0,0,'2015-08-03 10:38:14','2015-08-12 23:40:57'),(687,7,'Mae Bartolabac',0,0,41,31,0,0,'2015-08-03 10:38:38','2015-08-12 23:40:57'),(688,7,'Krisna Miranda',0,0,41,31,0,0,'2015-08-03 10:38:55','2015-08-12 23:40:57'),(689,7,'Juvynel Luzon',0,0,42,31,0,0,'2015-08-03 10:39:18','2015-08-12 23:40:57'),(690,7,'Rey-an Llaguno',0,0,42,32,0,0,'2015-08-03 10:39:39','2015-08-12 23:40:57'),(691,7,'Leny Rejuso',0,0,42,32,0,0,'2015-08-03 10:40:02','2015-08-12 23:40:57'),(692,7,'Maria Jesusa Donna Nuyles',0,0,41,32,0,0,'2015-08-03 10:41:18','2015-08-12 23:40:57'),(693,7,'Robert Duncan',0,0,41,30,0,0,'2015-08-03 10:41:52','2015-08-12 23:40:57'),(694,7,'Marjorie Javellana',0,0,42,32,0,0,'2015-08-03 10:42:31','2015-08-12 23:40:57'),(695,7,'Edelyn Ajero',0,0,42,31,0,0,'2015-08-03 10:42:51','2015-08-12 23:40:57'),(696,7,'Anne Datun',0,0,42,31,0,0,'2015-08-03 10:43:11','2015-08-12 23:40:57'),(697,7,'Maylyn Loteyro',0,0,41,31,0,0,'2015-08-03 10:43:35','2015-08-12 23:40:57'),(698,7,'Erwin Ryan Inacay',0,0,41,32,0,0,'2015-08-03 10:44:22','2015-08-12 23:40:57'),(699,9,'Ramil Moral',0,0,42,0,0,0,'2015-08-03 10:45:05','2015-08-12 23:40:57'),(700,9,'Mark Vargas',0,0,42,0,0,0,'2015-08-03 10:45:19','2015-08-12 23:40:57'),(701,3,'jiji',0,0,0,0,0,0,'2015-08-03 11:12:47','2015-08-12 23:40:57'),(702,3,'iuiuiuiui',0,0,0,0,0,0,'2015-08-03 11:16:42','2015-08-12 23:40:57'),(703,3,'jijiji',0,55,0,0,0,5,'2015-08-03 11:21:56','2015-08-12 23:40:57'),(704,4,'jljlijil',0,55,0,0,0,5,'2015-08-03 11:24:27','2015-08-12 23:40:57'),(705,6,'Richard Alamer',0,0,42,32,0,0,'2015-08-03 11:29:00','2015-08-12 23:40:57'),(706,6,'Justin Belga',0,0,42,32,0,0,'2015-08-03 11:29:12','2015-08-12 23:40:57'),(707,6,'Jeric Millena',0,0,0,32,0,0,'2015-08-03 11:29:48','2015-08-12 23:40:57'),(708,6,'Jeric Millena',0,0,0,31,0,0,'2015-08-03 11:30:03','2015-08-12 23:40:57'),(709,6,'Cristy Jaranilla',0,0,0,32,0,0,'2015-08-03 11:30:25','2015-08-12 23:40:57'),(710,6,'Joshua Ruiz',0,0,42,32,27,0,'2015-08-03 11:31:19','2015-08-12 23:40:57'),(711,6,'Joshua Ruiz',0,0,0,31,0,0,'2015-08-03 11:31:57','2015-08-12 23:40:57'),(712,10,'Lea Ranoco',0,0,42,30,0,0,'2015-08-03 11:38:36','2015-08-12 23:40:57'),(713,10,'Leslie Gaveria',0,0,41,30,0,0,'2015-08-03 11:59:07','2015-08-12 23:40:57'),(714,10,'William Anonuevo',0,0,42,30,0,0,'2015-08-03 11:59:19','2015-08-12 23:40:57'),(715,10,'Alexander Bellen',0,0,41,30,0,0,'2015-08-03 11:59:29','2015-08-12 23:40:57'),(716,10,'Ismael Bilarma',0,0,41,30,0,0,'2015-08-03 11:59:39','2015-08-12 23:40:57'),(717,4,'Rhea Benitez',0,0,41,31,0,0,'2015-08-03 12:08:01','2015-08-12 23:40:57'),(718,4,'Richard Banta',0,0,41,32,0,0,'2015-08-03 12:08:17','2015-08-12 23:40:57'),(719,4,'Mark Sevillano',0,0,41,32,0,0,'2015-08-03 12:08:34','2015-08-12 23:40:57'),(720,4,'Elmer Arana',0,0,41,31,27,0,'2015-08-03 12:09:01','2015-08-12 23:40:57'),(721,4,'Daryl Joyce Lopez',0,0,42,32,0,0,'2015-08-03 12:09:27','2015-08-12 23:40:57'),(722,10,'Julie Nieva',0,0,41,30,0,0,'2015-08-03 12:37:46','2015-08-12 23:40:57'),(723,10,'Guia Alarkon',0,55,0,30,0,0,'2015-08-03 12:38:01','2015-08-12 23:40:57'),(724,10,'Aries Traquena',0,0,41,31,0,0,'2015-08-03 12:38:16','2015-08-12 23:40:57'),(725,10,'Joanne Perez',0,0,41,31,0,0,'2015-08-03 12:38:28','2015-08-12 23:40:57'),(726,10,'Josef Advincula',0,0,41,32,0,0,'2015-08-03 12:38:43','2015-08-12 23:40:57'),(727,10,'Miko Anahaw',0,0,41,30,0,0,'2015-08-03 12:38:57','2015-08-12 23:40:57'),(728,10,'Christopher Deocareza',0,0,42,31,0,0,'2015-08-03 12:39:15','2015-08-12 23:40:57'),(729,10,'Jedidiah Ferrer',0,0,42,31,0,0,'2015-08-03 12:39:30','2015-08-12 23:40:57'),(730,10,'Johnel Balaoro',0,0,41,30,0,0,'2015-08-03 12:41:12','2015-08-12 23:40:57'),(731,10,'Amit',0,0,0,30,0,0,'2015-08-03 12:41:26','2015-08-12 23:40:57'),(732,10,'Evan Dela Pena',0,0,41,32,0,0,'2015-08-03 12:41:56','2015-08-12 23:40:57'),(733,10,'Dexter Senier',0,0,42,30,0,0,'2015-08-03 12:42:25','2015-08-12 23:40:57'),(734,10,'Jonathan Placer',0,0,42,32,0,0,'2015-08-03 12:42:46','2015-08-12 23:40:57'),(735,10,'Ian Lleva',0,0,42,32,0,0,'2015-08-03 12:43:00','2015-08-12 23:40:57'),(736,10,'Christian Marana',0,0,41,32,0,0,'2015-08-03 12:43:14','2015-08-12 23:40:57'),(737,10,'Kristine Basbacio',0,0,41,30,0,0,'2015-08-03 12:43:29','2015-08-12 23:40:57'),(738,10,'Vicente Repolles',0,0,42,30,0,0,'2015-08-03 12:43:42','2015-08-12 23:40:57'),(739,10,'Mikee Encinas',0,0,42,30,0,0,'2015-08-03 12:43:54','2015-08-12 23:40:57'),(740,10,'Sherry Albaytar',0,0,42,31,0,0,'2015-08-03 12:44:06','2015-08-12 23:40:57'),(741,10,'John Tenedero',0,0,41,32,0,0,'2015-08-03 12:44:19','2015-08-12 23:40:57'),(742,10,'Quartz Cabalquinto',0,0,41,30,0,0,'2015-08-03 12:44:40','2015-08-12 23:40:57'),(743,7,'Marjorie Javellana',0,0,41,0,0,0,'2015-08-03 13:38:54','2015-08-12 23:40:57'),(744,7,'Francisco Gonzalez Jr.',0,0,0,32,27,0,'2015-08-03 14:15:04','2015-08-12 23:40:57'),(745,7,'Francisco Gonzalez Jr.',0,0,0,31,27,0,'2015-08-03 14:31:28','2015-08-12 23:40:57'),(746,7,'Ron John Villanueva',0,0,0,30,27,0,'2015-08-03 14:31:58','2015-08-12 23:40:57'),(747,7,'Ray Ian Raviz',0,0,0,31,27,0,'2015-08-03 14:32:22','2015-08-12 23:40:57'),(748,10,'Raymund',0,0,0,31,27,0,'2015-08-03 15:42:21','2015-08-12 23:40:57'),(749,10,'Karla Morta',0,55,0,30,0,0,'2015-08-03 15:53:25','2015-08-12 23:40:57'),(750,10,'Imee Olarte',0,56,0,31,0,0,'2015-08-03 15:53:39','2015-08-12 23:40:57'),(751,10,'Stacy Zaballa',0,0,0,32,27,0,'2015-08-03 16:55:39','2015-08-12 23:40:57'),(752,8,'Jesabel Mangampo',0,55,41,0,0,0,'2015-08-03 16:57:12','2015-08-12 23:40:57'),(753,8,'Alex Bartolata',0,56,42,0,0,0,'2015-08-03 16:57:35','2015-08-12 23:40:57'),(754,8,'Jason Llanera',0,55,41,0,0,0,'2015-08-03 16:57:57','2015-08-12 23:40:57'),(755,8,'Johnson Bande',0,55,42,0,0,0,'2015-08-03 16:58:24','2015-08-12 23:40:57'),(756,8,'Ruben Bajaro',0,56,42,0,27,0,'2015-08-03 16:58:47','2015-08-12 23:40:57'),(757,8,'Sherwin Delumen',0,55,41,0,27,0,'2015-08-03 16:59:08','2015-08-12 23:40:57'),(758,8,'Lomerano Pajes',0,55,42,0,0,0,'2015-08-03 16:59:28','2015-08-12 23:40:57'),(759,8,'Christian Menes',0,0,0,0,27,0,'2015-08-03 16:59:41','2015-08-12 23:40:57'),(760,4,'Elmer Araña',0,0,41,31,0,0,'2015-08-03 17:04:41','2015-08-12 23:40:57'),(761,4,'Ryan',0,0,0,0,27,0,'2015-08-03 17:04:52','2015-08-12 23:40:57'),(762,4,'Johncis Belista',0,0,0,0,27,0,'2015-08-03 17:05:01','2015-08-12 23:40:57'),(763,4,'Alex',0,0,0,0,27,0,'2015-08-03 17:05:32','2015-08-12 23:40:57'),(764,4,'Micko',0,0,0,0,27,0,'2015-08-03 17:05:46','2015-08-12 23:40:57'),(765,4,'Maverick Villar',0,0,41,32,27,0,'2015-08-03 21:53:45','2015-08-12 23:40:57'),(766,4,'Saturnino Adrales',0,0,41,32,27,0,'2015-08-03 22:00:41','2015-08-12 23:40:57'),(767,4,'Nia Kristel Adrales',0,0,0,31,27,0,'2015-08-03 22:01:00','2015-08-12 23:40:57'),(768,8,'Jesabel Mangampo',0,58,43,0,0,0,'2015-08-04 10:34:02','2015-08-12 23:40:57'),(769,8,'Alex Bartolata',0,57,44,0,0,0,'2015-08-04 10:34:25','2015-08-12 23:40:57'),(770,8,'Jason Llanera',0,58,43,0,0,0,'2015-08-04 10:34:51','2015-08-12 23:40:57'),(771,8,'Johnson Bande',0,57,43,0,0,0,'2015-08-04 10:35:12','2015-08-12 23:40:57'),(772,8,'Lomerano Pajes',0,57,44,0,0,0,'2015-08-04 10:35:30','2015-08-12 23:40:57'),(773,8,'Sherwin Delumen',0,57,44,0,28,0,'2015-08-04 10:35:44','2015-08-12 23:40:57'),(774,8,'Ruben Bajaro',0,58,43,0,28,0,'2015-08-04 10:36:01','2015-08-12 23:40:57'),(775,8,'Christian Menes',0,0,0,0,28,0,'2015-08-04 10:36:21','2015-08-12 23:40:57'),(776,7,'Leny Rejuso',0,0,43,33,0,0,'2015-08-04 11:13:55','2015-08-12 23:40:57'),(777,7,'Erwin Ryan Inacay',0,0,43,36,0,0,'2015-08-04 11:15:00','2015-08-12 23:40:57'),(778,7,'Marjorie Javellana',0,0,43,36,0,0,'2015-08-04 11:15:51','2015-08-12 23:40:57'),(779,7,'Robert Duncan',0,0,43,36,0,0,'2015-08-04 11:16:20','2015-08-12 23:40:57'),(780,7,'Maria Jesusa Donna Nuyles',0,0,43,35,0,0,'2015-08-04 11:16:41','2015-08-12 23:40:57'),(781,7,'Juvynel Luzon',0,0,44,36,0,0,'2015-08-04 11:17:09','2015-08-12 23:40:57'),(782,7,'Rey-an Llaguno',0,0,43,36,0,0,'2015-08-04 11:18:42','2015-08-12 23:40:57'),(783,7,'Cyril Alpajaro',0,0,44,36,0,0,'2015-08-04 11:20:58','2015-08-12 23:40:57'),(784,7,'Mae Bartolabac',0,0,44,36,0,0,'2015-08-04 11:21:22','2015-08-12 23:40:57'),(785,7,'Krisna Miranda',0,0,43,36,0,0,'2015-08-04 11:23:39','2015-08-12 23:40:57'),(786,7,'Michael Kim Silot',0,0,44,35,0,0,'2015-08-04 11:24:01','2015-08-12 23:40:57'),(787,7,'Anne Datun',0,0,43,35,0,0,'2015-08-04 11:24:34','2015-08-12 23:40:57'),(788,7,'Edelyn Ajero',0,0,43,35,0,0,'2015-08-04 11:26:08','2015-08-12 23:40:57'),(789,7,'Maylyn Loteyro',0,0,43,35,0,0,'2015-08-04 11:26:49','2015-08-12 23:40:57'),(790,10,'Julie Nieva',0,0,43,36,0,0,'2015-08-04 11:34:46','2015-08-12 23:40:58'),(791,10,'Lea Ranoco',0,57,0,36,0,0,'2015-08-04 11:37:17','2015-08-12 23:40:58'),(792,10,'Johnel Balaoro',0,0,43,36,0,0,'2015-08-04 11:37:58','2015-08-12 23:40:58'),(793,10,'Karla Morta',0,58,0,35,0,0,'2015-08-04 11:41:22','2015-08-12 23:40:58'),(794,10,'Imee Olarte',0,58,0,35,0,0,'2015-08-04 11:41:31','2015-08-12 23:40:58'),(795,10,'Mikee Encinas',0,0,43,35,0,0,'2015-08-04 11:51:10','2015-08-12 23:40:58'),(796,10,'Quartz Cabalquinto',0,0,44,33,0,0,'2015-08-04 11:51:18','2015-08-12 23:40:58'),(797,10,'John Tenedero',0,0,44,35,0,0,'2015-08-04 11:51:29','2015-08-12 23:40:58'),(798,10,'Sherry Albaytar',0,0,43,33,0,0,'2015-08-04 11:51:39','2015-08-12 23:40:58'),(799,4,'Rhea Benitez',0,0,43,35,0,0,'2015-08-04 12:49:11','2015-08-12 23:40:58'),(800,4,'Elmer Arana',0,0,43,36,0,0,'2015-08-04 12:50:20','2015-08-12 23:40:58'),(801,4,'Richard Banta',0,0,43,36,0,0,'2015-08-04 12:50:39','2015-08-12 23:40:58'),(802,4,'Mark Sevillano',0,0,43,36,0,0,'2015-08-04 12:50:56','2015-08-12 23:40:58'),(803,4,'Mave Rick Villar',0,0,44,36,0,0,'2015-08-04 12:51:13','2015-08-12 23:40:58'),(804,4,'Daryl Joyce Lopez',0,0,43,35,0,0,'2015-08-04 12:51:28','2015-08-12 23:40:58'),(805,4,'Jordan Muyna',0,0,43,36,0,0,'2015-08-04 12:51:54','2015-08-12 23:40:58'),(806,4,'Johncis Belista',0,0,0,0,28,0,'2015-08-04 12:52:08','2015-08-12 23:40:58'),(807,4,'Micko',0,0,0,0,28,0,'2015-08-04 12:52:16','2015-08-12 23:40:58'),(808,4,'Alex',0,0,0,0,28,0,'2015-08-04 12:52:29','2015-08-12 23:40:58'),(809,4,'Ryan',0,0,0,0,28,0,'2015-08-04 12:52:45','2015-08-12 23:40:58'),(810,3,'Ismael Bilarma',0,0,43,36,0,0,'2015-08-04 13:07:58','2015-08-12 23:40:58'),(811,10,'Ismael Bilarma',0,0,43,36,0,0,'2015-08-04 13:08:16','2015-08-12 23:40:58'),(812,10,'Leslie Gaveria',0,0,43,36,0,0,'2015-08-04 13:08:29','2015-08-12 23:40:58'),(813,10,'Alexander Bellen',0,0,44,33,0,0,'2015-08-04 13:08:40','2015-08-12 23:40:58'),(814,10,'William Anonuevo',0,0,43,36,0,0,'2015-08-04 13:08:53','2015-08-12 23:40:58'),(815,10,'Josef Advincula',0,57,0,36,0,0,'2015-08-04 13:16:01','2015-08-12 23:40:58'),(816,10,'Christopher Deocareza',0,0,43,35,0,0,'2015-08-04 13:16:24','2015-08-12 23:40:58'),(817,10,'Aries Traquena',0,0,44,33,0,0,'2015-08-04 13:16:39','2015-08-12 23:40:58'),(818,10,'Miko Anahaw',0,0,44,33,0,0,'2015-08-04 13:16:52','2015-08-12 23:40:58'),(819,10,'Jedidiah Ferrer',0,0,44,36,0,0,'2015-08-04 13:17:09','2015-08-12 23:40:58'),(820,10,'Joanne Perez',0,0,44,33,0,0,'2015-08-04 13:17:28','2015-08-12 23:40:58'),(821,10,'Guia Alarkon',0,57,0,36,0,0,'2015-08-04 14:25:20','2015-08-12 23:40:58'),(822,7,'Kristine Gonzales',0,57,0,36,0,0,'2015-08-04 14:27:18','2015-08-12 23:40:58'),(823,9,'Ramil Moral',0,0,44,0,0,0,'2015-08-04 14:33:15','2015-08-12 23:40:58'),(824,9,'Mark Vargas',0,0,44,0,0,0,'2015-08-04 14:33:22','2015-08-12 23:40:58'),(825,9,'Mark Vargas',0,0,44,0,0,0,'2015-08-04 14:33:35','2015-08-12 23:40:58'),(826,10,'Carmela',0,0,0,0,28,0,'2015-08-04 15:13:37','2015-08-12 23:40:58'),(827,10,'Rosan Macinas ',0,0,43,36,0,0,'2015-08-04 15:14:42','2015-08-12 23:40:58'),(828,10,'',0,0,0,33,28,0,'2015-08-04 16:20:58','2015-08-12 23:40:58'),(829,10,'Carmela',0,0,0,33,28,0,'2015-08-04 16:51:49','2015-08-12 23:40:58'),(830,10,'Vicente Repolles',0,0,43,35,0,0,'2015-08-04 16:51:52','2015-08-12 23:40:58'),(831,10,'Christian Marana',0,58,0,35,0,0,'2015-08-04 16:53:38','2015-08-12 23:40:58'),(832,10,'Dexter Senier',0,0,44,33,0,0,'2015-08-04 16:54:01','2015-08-12 23:40:58'),(833,10,'Ian Lleva',0,0,44,33,0,0,'2015-08-04 16:54:27','2015-08-12 23:40:58'),(834,10,'Amit',0,0,0,36,0,0,'2015-08-04 16:54:37','2015-08-12 23:40:58'),(835,10,'Jonathan Placer',0,0,44,36,0,0,'2015-08-04 16:54:52','2015-08-12 23:40:58'),(836,10,'Evan Dela Pena',0,0,44,35,0,0,'2015-08-04 16:55:07','2015-08-12 23:40:58'),(837,7,'erwin ryan inacay',0,0,45,37,0,0,'2015-08-05 10:44:51','2015-08-12 23:40:58'),(838,7,'Marjorie Javellana',0,0,46,39,0,0,'2015-08-05 10:45:49','2015-08-12 23:40:58'),(839,7,'Robert Duncan',0,0,46,39,0,0,'2015-08-05 10:46:23','2015-08-12 23:40:58'),(840,7,'Maria Jesusa Donna Nuyles',0,0,46,37,0,0,'2015-08-05 10:47:05','2015-08-12 23:40:58'),(841,7,'Kristine Gonzales',0,59,0,39,0,0,'2015-08-05 10:47:30','2015-08-12 23:40:58'),(842,7,'Rey-an Llaguno',0,0,46,39,0,0,'2015-08-05 10:48:11','2015-08-12 23:40:58'),(843,7,'Leny Rejuso',0,0,46,39,0,0,'2015-08-05 10:48:36','2015-08-12 23:40:58'),(844,7,'Juvynel Luzon',0,0,46,37,0,0,'2015-08-05 10:49:12','2015-08-12 23:40:58'),(845,7,'Krisna Miranda',0,0,45,38,0,0,'2015-08-05 10:49:40','2015-08-12 23:40:58'),(846,7,'Mae Bartolabac',0,0,46,37,0,0,'2015-08-05 10:50:13','2015-08-12 23:40:58'),(847,7,' Micahael Kim Silot',0,0,46,39,0,0,'2015-08-05 10:50:54','2015-08-12 23:40:58'),(848,7,'Cyrill Alpajaro',0,0,45,39,0,0,'2015-08-05 10:53:07','2015-08-12 23:40:58'),(849,7,'Edelyn Ajero',0,0,46,38,0,0,'2015-08-05 10:53:37','2015-08-12 23:40:58'),(850,7,'Anne Datun',0,0,46,38,0,0,'2015-08-05 10:54:15','2015-08-12 23:40:58'),(851,7,'Maylyn Loteyro',0,0,46,39,0,0,'2015-08-05 10:54:38','2015-08-12 23:40:58'),(852,10,'Julie Nieva',0,0,46,37,0,0,'2015-08-05 11:07:56','2015-08-12 23:40:58'),(853,10,'Karla Morta',0,59,0,39,0,0,'2015-08-05 11:08:08','2015-08-12 23:40:58'),(854,10,'Imee Olarte',0,60,0,39,0,0,'2015-08-05 11:08:24','2015-08-12 23:40:58'),(855,10,'Kristine Basbacio',0,0,46,37,0,0,'2015-08-05 11:25:35','2015-08-12 23:40:58'),(856,10,'Vicente Repolles',0,0,46,39,0,0,'2015-08-05 11:25:49','2015-08-12 23:40:58'),(857,10,'Johnel Balaoro',0,0,46,38,0,0,'2015-08-05 11:35:35','2015-08-12 23:40:58'),(858,10,'Rosan Macinas ',0,0,46,37,0,0,'2015-08-05 11:35:51','2015-08-12 23:40:58'),(859,10,'Imee Olarte',0,60,0,37,0,0,'2015-08-05 11:36:13','2015-08-12 23:40:58'),(860,10,'Joanne Perez',0,59,0,38,0,0,'2015-08-05 11:36:36','2015-08-12 23:40:58'),(861,10,'Josef Advincula',0,59,0,37,0,0,'2015-08-05 11:36:51','2015-08-12 23:40:58'),(862,10,'Guia Alarkon',0,60,0,39,0,0,'2015-08-05 11:37:04','2015-08-12 23:40:58'),(863,10,'Aries Traquena',0,0,45,37,0,0,'2015-08-05 11:37:16','2015-08-12 23:40:58'),(864,10,'Christopher Deocareza',0,0,45,37,0,0,'2015-08-05 11:37:30','2015-08-12 23:40:58'),(865,10,'Josef Advincula',0,0,45,0,0,0,'2015-08-05 11:38:01','2015-08-12 23:40:58'),(866,10,'Jedidiah Ferrer',0,0,46,38,0,0,'2015-08-05 11:38:17','2015-08-12 23:40:58'),(867,10,'Joanne Perez',0,0,46,0,0,0,'2015-08-05 11:38:26','2015-08-12 23:40:58'),(868,10,'Miko Anahaw',0,0,46,38,0,0,'2015-08-05 11:38:39','2015-08-12 23:40:58'),(869,8,'Jesabel Mangampo',0,59,46,0,0,0,'2015-08-05 12:50:41','2015-08-12 23:40:58'),(870,8,'Alex Bartolata',0,60,45,0,0,0,'2015-08-05 12:51:05','2015-08-12 23:40:58'),(871,8,'Lomerano Pajes',0,59,46,0,0,0,'2015-08-05 12:51:19','2015-08-12 23:40:58'),(872,8,'Johnson Bande',0,59,46,0,0,0,'2015-08-05 12:51:33','2015-08-12 23:40:58'),(873,8,'Jason Llanera',0,59,46,0,0,0,'2015-08-05 12:51:47','2015-08-12 23:40:58'),(874,8,'Ruben Bajaro',0,60,46,0,29,0,'2015-08-05 12:52:12','2015-08-12 23:40:58'),(875,8,'Christian Menes',0,0,0,0,29,0,'2015-08-05 12:52:33','2015-08-12 23:40:58'),(876,8,'Sharlon De Lumen',0,59,45,0,29,0,'2015-08-05 12:52:59','2015-08-12 23:40:58'),(877,10,'Jonathan Placer',0,0,46,39,0,0,'2015-08-05 13:08:02','2015-08-12 23:40:58'),(878,10,'Ian Lleva',0,0,46,39,0,0,'2015-08-05 13:08:17','2015-08-12 23:40:58'),(879,10,'Evan Dela Pena',0,0,46,39,0,0,'2015-08-05 13:08:32','2015-08-12 23:40:58'),(880,10,'Christian Marana',0,59,0,39,0,0,'2015-08-05 13:08:42','2015-08-12 23:40:58'),(881,10,'Amit',0,59,0,39,0,0,'2015-08-05 13:10:13','2015-08-12 23:40:58'),(882,10,'Venus Duran',0,0,46,37,0,0,'2015-08-05 13:10:24','2015-08-12 23:40:58'),(883,10,'Melanie Silot',0,0,0,37,0,0,'2015-08-05 13:10:36','2015-08-12 23:40:58'),(884,4,'Rhea Benitez',0,0,46,39,0,0,'2015-08-05 13:13:23','2015-08-12 23:40:58'),(885,4,'Richard Banta',0,0,46,39,0,0,'2015-08-05 13:14:02','2015-08-12 23:40:58'),(886,4,'Mark Sevillano',0,0,45,39,0,0,'2015-08-05 13:15:03','2015-08-12 23:40:58'),(887,4,'Mave Rick Villar',0,0,46,39,29,0,'2015-08-05 13:17:17','2015-08-12 23:40:58'),(888,4,'Daryl Joyce Lopez',0,0,46,38,0,0,'2015-08-05 13:17:38','2015-08-12 23:40:58'),(889,4,'Micko',0,0,0,0,29,0,'2015-08-05 13:17:53','2015-08-12 23:40:58'),(890,4,'Ryan',0,0,0,0,29,0,'2015-08-05 13:18:01','2015-08-12 23:40:58'),(891,4,'Alex',0,0,0,0,29,0,'2015-08-05 13:18:08','2015-08-12 23:40:58'),(892,4,'Johncis Belista',0,0,0,0,29,0,'2015-08-05 13:18:16','2015-08-12 23:40:58'),(893,4,'Elmer Araña',0,0,45,38,29,0,'2015-08-05 13:19:38','2015-08-12 23:40:58'),(894,10,'Leslie Gaveria',0,0,46,37,0,0,'2015-08-05 13:57:14','2015-08-12 23:40:58'),(895,10,'Ismael Bilarma',0,0,46,39,0,0,'2015-08-05 13:57:26','2015-08-12 23:40:58'),(896,10,'Alexander Bellen',0,0,46,39,0,0,'2015-08-05 13:57:36','2015-08-12 23:40:58'),(897,10,'William Anonuevo',0,0,46,39,0,0,'2015-08-05 13:57:47','2015-08-12 23:40:58'),(898,10,'Mikee Encinas',0,0,46,39,0,0,'2015-08-05 13:58:20','2015-08-12 23:40:58'),(899,10,'Quartz Cabalquinto',0,0,45,39,0,0,'2015-08-05 13:58:30','2015-08-12 23:40:58'),(900,10,'John Tenedero',0,0,45,37,0,0,'2015-08-05 13:58:42','2015-08-12 23:40:58'),(901,10,'Sherry Albaytar',0,0,46,39,0,0,'2015-08-05 13:58:51','2015-08-12 23:40:58'),(902,10,'Carmela Ortiz',0,0,0,37,29,0,'2015-08-05 15:46:47','2015-08-12 23:40:58'),(903,10,'',0,0,0,37,29,0,'2015-08-05 17:10:33','2015-08-12 23:40:58'),(904,7,'Francisco Gonzales',0,0,0,38,29,0,'2015-08-05 17:15:27','2015-08-12 23:40:58'),(905,7,'Ron John Villanueva',0,0,0,39,29,0,'2015-08-05 17:16:04','2015-08-12 23:40:58'),(906,7,'Ray Ian Ravis',0,0,0,39,29,0,'2015-08-05 17:16:41','2015-08-12 23:40:58'),(907,7,'Marco Edward Calilao',0,59,45,0,0,0,'2015-08-05 17:49:04','2015-08-12 23:40:58'),(908,10,'Lea Ranoco',0,61,0,40,0,0,'2015-08-06 09:17:19','2015-08-12 23:40:58'),(909,10,'Johnel Balaoro',0,0,47,40,0,0,'2015-08-06 09:17:50','2015-08-12 23:40:58'),(910,10,'Rosan Macinas',0,61,0,40,0,0,'2015-08-06 09:18:30','2015-08-12 23:40:58'),(911,9,'Mark',0,0,48,0,0,0,'2015-08-06 09:54:09','2015-08-12 23:40:58'),(912,10,'Alexander Bellen',0,0,48,40,0,0,'2015-08-06 10:17:00','2015-08-12 23:40:58'),(913,10,'Ismael Bilarma',0,0,48,40,0,0,'2015-08-06 10:17:16','2015-08-12 23:40:58'),(914,10,'Leslie Gaveria',0,0,48,40,0,0,'2015-08-06 10:17:31','2015-08-12 23:40:58'),(915,10,'Wil',0,0,0,0,0,0,'2015-08-06 10:17:35','2015-08-12 23:40:58'),(916,10,'William Anonuevo',0,0,48,40,0,0,'2015-08-06 10:17:53','2015-08-12 23:40:58'),(917,10,'Evan Dela Pena',0,0,48,40,0,0,'2015-08-06 10:18:58','2015-08-12 23:40:58'),(918,10,'Venus Duran',0,0,47,41,0,0,'2015-08-06 10:19:13','2015-08-12 23:40:58'),(919,10,'Kristine Basbacio',0,0,47,40,0,0,'2015-08-06 10:19:27','2015-08-12 23:40:58'),(920,10,'Amit',0,62,0,0,0,0,'2015-08-06 10:19:37','2015-08-12 23:40:58'),(921,10,'Jonathan Placer',0,0,47,41,0,0,'2015-08-06 10:19:50','2015-08-12 23:40:58'),(922,10,'Christian Marana',0,61,0,41,0,0,'2015-08-06 10:20:04','2015-08-12 23:40:58'),(923,10,'Julie Nieva',0,0,47,41,0,0,'2015-08-06 10:20:25','2015-08-12 23:40:58'),(924,9,'Ramil Moral',0,0,48,0,0,0,'2015-08-06 10:55:18','2015-08-12 23:40:58'),(925,7,'Robert Duncan',0,0,48,41,0,0,'2015-08-06 11:06:26','2015-08-12 23:40:58'),(926,7,'Robert Duncan',0,0,48,41,0,0,'2015-08-06 11:10:23','2015-08-12 23:40:58'),(927,7,'Robert Duncan',0,0,48,41,0,0,'2015-08-06 11:12:16','2015-08-12 23:40:58'),(928,7,'Marjorie Javellana',0,0,48,41,0,0,'2015-08-06 11:13:15','2015-08-12 23:40:58'),(929,7,'Michael Kim Silot',0,0,48,41,0,0,'2015-08-06 11:14:07','2015-08-12 23:40:58'),(930,7,'Michael Kim Silot',0,0,48,41,0,0,'2015-08-06 11:15:02','2015-08-12 23:40:58'),(931,7,'Kristine Gonzales',0,0,48,40,0,0,'2015-08-06 11:15:47','2015-08-12 23:40:58'),(932,7,'Juvynel Luzon',0,0,47,40,0,0,'2015-08-06 11:16:16','2015-08-12 23:40:58'),(933,7,'Rey-an Llaguno',0,0,47,40,0,0,'2015-08-06 11:16:46','2015-08-12 23:40:58'),(934,7,'Leny Rejuso',0,0,47,40,0,0,'2015-08-06 11:17:39','2015-08-12 23:40:58'),(935,7,'Krisna Miranda',0,0,47,40,0,0,'2015-08-06 11:19:50','2015-08-12 23:40:58'),(936,7,'Krisna Miranda',0,0,47,40,0,0,'2015-08-06 11:20:23','2015-08-12 23:40:58'),(937,7,'Maria Jesusa Donna Nuyles',0,0,47,41,0,0,'2015-08-06 11:20:59','2015-08-12 23:40:58'),(938,7,'Anne Datun',0,0,47,41,0,0,'2015-08-06 11:21:39','2015-08-12 23:40:58'),(939,7,'Edelyn Ajero',0,0,48,40,0,0,'2015-08-06 11:22:15','2015-08-12 23:40:58'),(940,7,'erwin ryan inacay',0,0,47,41,0,0,'2015-08-06 11:22:58','2015-08-12 23:40:58'),(941,7,'Cyrill Alpajaro',0,0,48,40,0,0,'2015-08-06 11:23:28','2015-08-12 23:40:58'),(942,7,'Mae Bartolabac',0,0,47,40,0,0,'2015-08-06 11:24:05','2015-08-12 23:40:58'),(943,7,'Mae Bartolabac',0,0,47,40,0,0,'2015-08-06 11:24:41','2015-08-12 23:40:58'),(944,7,'Maylyn Loteyro',0,0,47,40,0,0,'2015-08-06 11:25:12','2015-08-12 23:40:58'),(945,7,'Kristine Gonzales',0,62,0,40,0,0,'2015-08-06 11:51:25','2015-08-12 23:40:58'),(946,4,'Rhea Benitez',0,0,47,41,0,0,'2015-08-06 13:01:04','2015-08-12 23:40:58'),(947,4,'Richard Banta',0,0,47,41,0,0,'2015-08-06 13:01:36','2015-08-12 23:40:58'),(948,4,'Mark Sevillano',0,0,48,41,0,0,'2015-08-06 13:02:53','2015-08-12 23:40:58'),(949,4,'Mave Rick Villar',0,0,48,41,30,0,'2015-08-06 13:04:49','2015-08-12 23:40:59'),(950,4,'Elmer Araña',0,0,48,41,30,0,'2015-08-06 13:05:06','2015-08-12 23:40:59'),(951,4,'Jordan Muyna',0,0,48,41,0,0,'2015-08-06 13:05:27','2015-08-12 23:40:59'),(952,4,'Johncis Belista',0,0,0,0,30,0,'2015-08-06 13:05:38','2015-08-12 23:40:59'),(953,4,'Ryan',0,0,0,0,30,0,'2015-08-06 13:05:46','2015-08-12 23:40:59'),(954,4,'Alex',0,0,0,0,30,0,'2015-08-06 13:05:54','2015-08-12 23:40:59'),(955,4,'Micko',0,0,0,0,30,0,'2015-08-06 13:06:17','2015-08-12 23:40:59'),(956,7,'Kiko Gonzalez',0,0,0,40,30,0,'2015-08-06 13:10:25','2015-08-12 23:40:59'),(957,7,'Ronj Villanueva',0,0,0,40,30,0,'2015-08-06 13:11:19','2015-08-12 23:40:59'),(958,7,'Ian Raviz',0,0,0,40,30,0,'2015-08-06 13:11:38','2015-08-12 23:40:59'),(959,10,'Joanne Perez',0,61,48,40,0,0,'2015-08-06 13:40:52','2015-08-12 23:40:59'),(960,10,'Guia Alarkon',0,0,0,40,0,0,'2015-08-06 13:41:04','2015-08-12 23:40:59'),(961,10,'Guia Alarkon',0,61,0,40,0,0,'2015-08-06 13:41:20','2015-08-12 23:40:59'),(962,10,'Christopher Deocareza',0,0,47,40,0,0,'2015-08-06 13:41:47','2015-08-12 23:40:59'),(963,10,'Josef Advincula',0,0,47,41,0,0,'2015-08-06 13:42:03','2015-08-12 23:40:59'),(964,10,'Aries Traquena',0,0,0,41,0,0,'2015-08-06 13:42:16','2015-08-12 23:40:59'),(965,10,'Jedidiah Ferrer',0,0,48,41,0,0,'2015-08-06 13:42:31','2015-08-12 23:40:59'),(966,10,'Joanne Perez',0,0,48,40,0,0,'2015-08-06 13:42:45','2015-08-12 23:40:59'),(967,10,'Mikee Encinas',0,0,48,41,0,0,'2015-08-06 13:44:22','2015-08-12 23:40:59'),(968,10,'Quartz Cabalquinto',0,0,48,41,0,0,'2015-08-06 13:44:38','2015-08-12 23:40:59'),(969,10,'John Tenedero',0,0,47,40,0,0,'2015-08-06 13:44:51','2015-08-12 23:40:59'),(970,10,'Sherry Albaytar',0,0,48,40,0,0,'2015-08-06 13:45:06','2015-08-12 23:40:59'),(971,10,'Aries Traquena',0,0,48,0,0,0,'2015-08-06 13:45:39','2015-08-12 23:40:59'),(972,10,'Vicente Repolles',0,0,48,41,0,0,'2015-08-06 13:47:18','2015-08-12 23:40:59'),(973,7,'Marco Edward Calilao',0,61,48,40,0,0,'2015-08-06 15:10:25','2015-08-12 23:40:59'),(974,6,'Richard Alamer',0,0,48,0,0,0,'2015-08-06 15:47:14','2015-08-12 23:40:59'),(975,6,'Justin Belga',0,0,47,0,0,0,'2015-08-06 15:47:46','2015-08-12 23:40:59'),(976,6,'Joshua Ruiz',0,0,48,0,0,0,'2015-08-06 15:47:59','2015-08-12 23:40:59'),(977,6,'Cristy Jaranilla',0,0,48,0,0,0,'2015-08-06 15:51:11','2015-08-12 23:40:59'),(978,6,'Mac Noble',0,0,48,0,0,0,'2015-08-06 15:51:46','2015-08-12 23:40:59'),(979,10,'Carmela',0,0,0,41,30,0,'2015-08-06 16:11:42','2015-08-12 23:40:59'),(980,10,'Stacy Zaballa',0,0,0,40,30,0,'2015-08-06 17:06:02','2015-08-12 23:40:59'),(981,8,'Jesabel Mangampo',0,61,47,0,0,0,'2015-08-06 17:31:48','2015-08-12 23:40:59'),(982,8,'Alex Bartolata',0,62,47,0,0,0,'2015-08-06 17:32:25','2015-08-12 23:40:59'),(983,8,'Johnson Bande',0,61,47,0,0,0,'2015-08-06 17:33:02','2015-08-12 23:40:59'),(984,8,'Lomerano Pajes',0,61,48,0,0,0,'2015-08-06 17:33:19','2015-08-12 23:40:59'),(985,8,'Jason Bande',0,61,48,0,0,0,'2015-08-06 17:33:35','2015-08-12 23:40:59'),(986,8,'Ruben Bajaro',0,62,47,0,30,0,'2015-08-06 17:34:00','2015-08-12 23:40:59'),(987,8,'Sharlon De Lumen',0,62,47,0,30,0,'2015-08-06 17:34:18','2015-08-12 23:40:59'),(988,8,'Christian Menes',0,0,0,0,30,0,'2015-08-06 17:34:30','2015-08-12 23:40:59'),(989,10,'Rex Jimenez',0,0,0,40,30,0,'2015-08-06 18:20:03','2015-08-12 23:40:59'),(990,4,'Daryl Joyce Lopez',0,0,48,41,0,0,'2015-08-06 19:04:15','2015-08-12 23:40:59'),(991,7,'Robert Duncan',0,0,49,43,0,0,'2015-08-07 09:30:57','2015-08-12 23:40:59'),(992,7,'Leny Rejuso',0,0,49,43,0,0,'2015-08-07 09:31:38','2015-08-12 23:40:59'),(993,7,'erwin ryan inacay',0,0,49,42,0,0,'2015-08-07 09:31:59','2015-08-12 23:40:59'),(994,7,'Rey-an Llaguno',0,0,49,43,0,0,'2015-08-07 09:32:44','2015-08-12 23:40:59'),(995,7,'Maria Jesusa Donna Nuyles',0,0,49,42,0,0,'2015-08-07 09:33:04','2015-08-12 23:40:59'),(996,7,'Maylyn Loteyro',0,0,49,42,0,0,'2015-08-07 09:33:23','2015-08-12 23:40:59'),(997,7,'Edelyn Ajero',0,0,50,43,0,0,'2015-08-07 09:43:21','2015-08-12 23:40:59'),(998,7,'Anne Datun',0,0,49,43,0,0,'2015-08-07 09:43:54','2015-08-12 23:40:59'),(999,7,'Michael Kim Silot',0,0,49,43,0,0,'2015-08-07 09:44:20','2015-08-12 23:40:59'),(1000,7,'Juvynel Luzon',0,0,50,43,0,0,'2015-08-07 09:46:21','2015-08-12 23:40:59'),(1001,7,'Krisna Miranda',0,0,49,42,0,0,'2015-08-07 09:47:02','2015-08-12 23:40:59'),(1002,7,'Mae Bartolabac',0,0,50,43,0,0,'2015-08-07 09:47:29','2015-08-12 23:40:59'),(1003,10,'Lea Ranoco',0,0,49,43,0,0,'2015-08-07 10:56:24','2015-08-12 23:40:59'),(1004,10,'Rosan Macinas ',0,0,49,43,0,0,'2015-08-07 10:56:47','2015-08-12 23:40:59'),(1005,10,'Julie Nieva',0,0,50,42,0,0,'2015-08-07 11:02:49','2015-08-12 23:40:59'),(1006,10,'Ismael Bilarma',0,0,49,43,0,0,'2015-08-07 11:08:42','2015-08-12 23:40:59'),(1007,10,'Alexander Bellen',0,0,49,43,0,0,'2015-08-07 11:08:56','2015-08-12 23:40:59'),(1008,10,'Leslie Gaveria',0,0,50,42,0,0,'2015-08-07 11:09:09','2015-08-12 23:40:59'),(1009,10,'Sherry Albaytar',0,63,49,43,0,0,'2015-08-07 11:09:41','2015-08-12 23:40:59'),(1010,10,'Mikee Encinas',0,63,49,42,0,0,'2015-08-07 11:09:53','2015-08-12 23:40:59'),(1011,10,'John Tenedero',0,63,0,43,0,0,'2015-08-07 11:10:08','2015-08-12 23:40:59'),(1012,10,'Quartz Cabalquinto',0,0,50,42,0,0,'2015-08-07 11:10:18','2015-08-12 23:40:59'),(1013,4,'Rhea Benitez',0,0,49,43,0,0,'2015-08-07 11:24:57','2015-08-12 23:40:59'),(1014,4,'Richard Banta',0,0,49,42,0,0,'2015-08-07 11:25:38','2015-08-12 23:40:59'),(1015,4,'Mark Sevillano',0,0,50,42,0,0,'2015-08-07 11:26:04','2015-08-12 23:40:59'),(1016,4,'Mave Rick Villar',0,0,49,42,31,0,'2015-08-07 11:26:50','2015-08-12 23:40:59'),(1017,4,'Elmer Araña',0,0,49,42,31,0,'2015-08-07 11:27:07','2015-08-12 23:40:59'),(1018,4,'Daryl Joyce Lopez',0,0,49,43,0,0,'2015-08-07 11:28:06','2015-08-12 23:40:59'),(1019,4,'Johncis Belista',0,0,0,0,31,0,'2015-08-07 11:29:03','2015-08-12 23:40:59'),(1020,4,'Alex',0,0,0,0,31,0,'2015-08-07 11:29:11','2015-08-12 23:40:59'),(1021,4,'Ryan',0,0,0,0,31,0,'2015-08-07 11:29:20','2015-08-12 23:40:59'),(1022,7,'Marco Edward Calilao',0,64,50,0,0,0,'2015-08-07 12:26:10','2015-08-12 23:40:59'),(1023,10,'Ian Lleva',0,0,49,43,0,0,'2015-08-07 13:28:05','2015-08-12 23:40:59'),(1024,10,'Jonathan Placer',0,0,49,42,0,0,'2015-08-07 13:32:42','2015-08-12 23:40:59'),(1025,10,'Venus Duran',0,0,50,42,0,0,'2015-08-07 13:32:54','2015-08-12 23:40:59'),(1026,10,'Evan Dela Pena',0,0,50,42,0,0,'2015-08-07 13:33:08','2015-08-12 23:40:59'),(1027,10,'Christian Marana',0,0,50,42,0,0,'2015-08-07 13:33:18','2015-08-12 23:40:59'),(1028,10,'Amit',0,0,0,43,0,0,'2015-08-07 13:33:28','2015-08-12 23:40:59'),(1029,10,'Kristine Basbacio',0,0,49,42,0,0,'2015-08-07 13:33:42','2015-08-12 23:40:59'),(1030,10,'Raymund',0,0,0,42,31,0,'2015-08-07 17:20:04','2015-08-12 23:40:59'),(1031,10,'Rex Jimenez',0,0,0,42,31,0,'2015-08-07 17:50:23','2015-08-12 23:40:59'),(1032,8,'Jesabel Mangampo',0,65,52,0,0,0,'2015-08-08 08:06:30','2015-08-12 23:40:59'),(1033,8,'Alex Bartolata',0,65,52,0,0,0,'2015-08-08 08:07:26','2015-08-12 23:40:59'),(1034,8,'Jason Llarena',0,65,52,0,0,0,'2015-08-08 08:07:48','2015-08-12 23:40:59'),(1035,8,'Lomeriano Pajes',0,65,52,0,0,0,'2015-08-08 08:14:50','2015-08-12 23:40:59'),(1036,8,'Jason Bande',0,65,52,0,0,0,'2015-08-08 08:15:10','2015-08-12 23:40:59'),(1037,8,'Sharlon De Lumen',0,65,52,0,32,0,'2015-08-08 08:15:51','2015-08-12 23:40:59'),(1038,8,'Christian Menes',0,0,0,0,32,0,'2015-08-08 08:16:25','2015-08-12 23:40:59'),(1039,8,'Ruben Bajaro',0,65,51,0,0,0,'2015-08-08 08:16:51','2015-08-12 23:40:59'),(1040,7,'Francisco Gonzales',0,0,0,44,32,0,'2015-08-08 08:46:46','2015-08-12 23:40:59'),(1041,7,'Ron John Villanueva',0,0,0,45,32,0,'2015-08-08 08:47:09','2015-08-12 23:40:59'),(1042,7,'Ray Ian Rav',0,0,0,0,0,0,'2015-08-08 08:47:23','2015-08-12 23:40:59'),(1043,7,'Ray Ian Raviz',0,0,0,45,32,0,'2015-08-08 08:47:53','2015-08-12 23:40:59'),(1044,7,'Robert Duncan',0,0,51,45,0,0,'2015-08-08 09:47:24','2015-08-12 23:40:59'),(1045,7,'Juvynel Luzon',0,0,52,45,0,0,'2015-08-08 09:47:53','2015-08-12 23:40:59'),(1046,7,'Krisna Miranda',0,0,52,45,0,0,'2015-08-08 09:48:13','2015-08-12 23:40:59'),(1047,7,'Edelyn Ajero',0,0,51,44,0,0,'2015-08-08 09:48:32','2015-08-12 23:40:59'),(1048,7,'Cyrill Alpajaro',0,0,51,45,0,0,'2015-08-08 09:49:01','2015-08-12 23:40:59'),(1049,7,'Michael Kim Silot',0,0,51,45,0,0,'2015-08-08 09:49:34','2015-08-12 23:40:59'),(1050,7,'Anne Datun',0,0,52,45,0,0,'2015-08-08 09:49:50','2015-08-12 23:40:59'),(1051,7,'Mae Bartolabac',0,0,51,45,0,0,'2015-08-08 09:50:11','2015-08-12 23:40:59'),(1052,7,'Maria Jesusa Donna Nuyles',0,0,52,44,0,0,'2015-08-08 09:50:33','2015-08-12 23:40:59'),(1053,7,'Rey-an Llaguno',0,0,52,44,0,0,'2015-08-08 09:51:02','2015-08-12 23:40:59'),(1054,7,'erwin ryan inacay',0,0,52,45,0,0,'2015-08-08 09:51:20','2015-08-12 23:40:59'),(1055,7,'Maylyn Loteyro',0,0,51,45,0,0,'2015-08-08 09:51:44','2015-08-12 23:40:59'),(1056,7,'Kristine Gonzales',0,66,0,44,0,0,'2015-08-08 09:56:38','2015-08-12 23:40:59'),(1057,7,'Marjorie Javellana',0,0,52,45,0,0,'2015-08-08 10:13:03','2015-08-12 23:40:59'),(1058,4,'Rhea Benitez',0,0,51,45,0,0,'2015-08-08 12:44:31','2015-08-12 23:40:59'),(1059,4,'Richard Banta',0,0,51,45,0,0,'2015-08-08 12:44:47','2015-08-12 23:40:59'),(1060,4,'Mark Sevillano',0,0,51,45,0,0,'2015-08-08 12:45:07','2015-08-12 23:40:59'),(1061,4,'Daryl Joyce Lopez',0,0,52,45,0,0,'2015-08-08 12:45:25','2015-08-12 23:40:59'),(1062,4,'Mave Rick Villar',0,0,52,45,32,0,'2015-08-08 12:46:03','2015-08-12 23:40:59'),(1063,4,'Ryan',0,0,0,0,32,0,'2015-08-08 12:46:16','2015-08-12 23:40:59'),(1064,4,'Alex',0,0,0,0,32,0,'2015-08-08 12:46:23','2015-08-12 23:40:59'),(1065,4,'Johncis Belista',0,0,0,0,32,0,'2015-08-08 12:46:38','2015-08-12 23:40:59'),(1066,4,'Jordan Muyna',0,0,51,45,0,0,'2015-08-08 12:46:53','2015-08-12 23:40:59'),(1067,10,'Guia Alarkon',0,65,0,44,0,0,'2015-08-08 13:55:14','2015-08-12 23:40:59'),(1068,10,'Josef Advincula',0,65,51,45,0,0,'2015-08-08 13:55:30','2015-08-12 23:40:59'),(1069,10,'Christopher Deocareza',0,0,52,44,0,0,'2015-08-08 13:55:43','2015-08-12 23:40:59'),(1070,10,'Leslie Gaveria',0,0,52,44,0,0,'2015-08-08 13:57:14','2015-08-12 23:40:59'),(1071,10,'Julie Nieva',0,0,52,44,0,0,'2015-08-08 13:57:31','2015-08-12 23:40:59'),(1072,10,'Johnel Balaoro',0,0,51,45,0,0,'2015-08-08 13:58:03','2015-08-12 23:40:59'),(1073,10,'Mikee Encinas',0,0,51,45,0,0,'2015-08-08 13:58:50','2015-08-12 23:40:59'),(1074,10,'John Tenedero',0,0,52,45,0,0,'2015-08-08 13:59:00','2015-08-12 23:40:59'),(1075,10,'Sherry Albaytar',0,0,52,45,0,0,'2015-08-08 13:59:11','2015-08-12 23:40:59'),(1076,10,'Alexander Bellen',0,0,52,45,0,0,'2015-08-08 13:59:29','2015-08-12 23:40:59'),(1077,10,'Ismael Bilarma',0,0,52,44,0,0,'2015-08-08 13:59:39','2015-08-12 23:40:59'),(1078,10,'john',0,0,0,0,0,0,'2015-08-08 14:05:32','2015-08-12 23:40:59'),(1079,10,'Johnel Balaoro',0,0,51,45,0,0,'2015-08-08 14:05:51','2015-08-12 23:40:59'),(1080,10,'Rosan Macinas ',0,0,51,45,0,0,'2015-08-08 14:06:07','2015-08-12 23:40:59'),(1081,10,'Lea Ranoco',0,66,0,45,0,0,'2015-08-08 14:08:15','2015-08-12 23:40:59'),(1082,10,'Christian Marana',0,0,51,45,0,0,'2015-08-08 14:09:00','2015-08-12 23:40:59'),(1083,10,'Rex Jimenez',0,0,0,0,32,7,'2015-08-08 15:31:53','2015-08-12 23:40:59'),(1084,10,'Raymund Naz',0,0,0,0,32,7,'2015-08-08 15:44:55','2015-08-12 23:40:59'),(1085,10,'Ian Lleva',0,0,52,44,0,0,'2015-08-08 16:39:24','2015-08-12 23:40:59'),(1086,10,'Jonathan Placer',0,0,52,45,0,0,'2015-08-08 16:39:45','2015-08-12 23:40:59'),(1087,10,'Evan Dela Peña',0,0,51,45,0,0,'2015-08-08 16:40:06','2015-08-12 23:40:59'),(1088,10,'Kristine Basbacio',0,0,52,44,0,0,'2015-08-08 16:40:42','2015-08-12 23:40:59'),(1089,4,'Elmer Arana',0,0,52,45,32,0,'2015-08-08 17:42:49','2015-08-12 23:40:59'),(1090,10,'Venus',0,0,51,45,0,0,'2015-08-09 09:38:13','2015-08-12 23:40:59'),(1091,9,'Ramil Moral',0,0,51,0,0,0,'2015-08-09 15:14:13','2015-08-12 23:40:59'),(1092,9,'Mark Vargas',0,0,54,0,0,0,'2015-08-10 08:39:32','2015-08-12 23:40:59'),(1093,7,'Maylyn Loteyro',0,0,53,46,0,0,'2015-08-10 09:15:12','2015-08-12 23:40:59'),(1094,7,'erwin ryan inacay',0,0,53,46,0,0,'2015-08-10 09:15:30','2015-08-12 23:40:59'),(1095,7,'Marjorie Javellana',0,0,54,46,0,0,'2015-08-10 09:32:19','2015-08-12 23:40:59'),(1096,7,'Robert Duncan',0,0,54,46,0,0,'2015-08-10 09:34:57','2015-08-12 23:40:59'),(1097,7,'Juvynel Luzon',0,0,54,46,0,0,'2015-08-10 09:36:24','2015-08-12 23:40:59'),(1098,7,'Leny Rejuso',0,0,54,46,0,0,'2015-08-10 09:37:50','2015-08-12 23:40:59'),(1099,7,'Edelyn Ajero',0,0,54,46,0,0,'2015-08-10 09:38:19','2015-08-12 23:40:59'),(1100,7,'Maria Jesusa Donna Nuyles',0,0,53,46,0,0,'2015-08-10 09:38:38','2015-08-12 23:40:59'),(1101,7,'Mae Bartolabac',0,0,53,46,0,0,'2015-08-10 09:38:59','2015-08-12 23:40:59'),(1102,7,'Krisna Miranda',0,0,54,46,0,0,'2015-08-10 09:39:15','2015-08-12 23:40:59'),(1103,7,'Michael Kim Silot',0,0,53,46,0,0,'2015-08-10 09:39:34','2015-08-12 23:40:59'),(1104,7,'Anne Datun',0,0,54,46,0,0,'2015-08-10 09:39:56','2015-08-12 23:40:59'),(1105,7,'Anne Datun',0,0,54,46,0,0,'2015-08-10 09:39:56','2015-08-12 23:40:59'),(1106,7,'Kristine Gonzales',0,0,0,46,0,0,'2015-08-10 09:44:27','2015-08-12 23:40:59'),(1107,7,'Kristine Gonzales',0,67,0,46,0,0,'2015-08-10 09:44:51','2015-08-12 23:40:59'),(1108,7,'Rey-an Llaguno',0,0,54,46,0,0,'2015-08-10 09:48:38','2015-08-12 23:40:59'),(1109,7,'Francisco Gonzales',0,0,0,0,33,8,'2015-08-10 10:17:47','2015-08-12 23:40:59'),(1110,7,'Ray Ian Ravis',0,0,0,0,33,8,'2015-08-10 10:18:07','2015-08-12 23:40:59'),(1111,7,'Ron John Villanueva',0,0,0,0,33,8,'2015-08-10 10:18:22','2015-08-12 23:40:59'),(1112,10,'Stacy Zaballa',0,0,0,0,33,9,'2015-08-10 10:57:24','2015-08-12 23:40:59'),(1113,7,'Marco Edward Calilao',0,67,54,0,0,0,'2015-08-10 11:28:08','2015-08-12 23:41:00'),(1114,10,'Lea Ranoco',0,67,0,46,0,0,'2015-08-10 11:46:24','2015-08-12 23:41:00'),(1115,4,'Rhea Benitez',0,0,53,46,0,0,'2015-08-10 11:58:55','2015-08-12 23:41:00'),(1116,4,'Richard Banta',0,0,54,46,0,0,'2015-08-10 11:59:17','2015-08-12 23:41:00'),(1117,4,'Mark Sevillano',0,0,54,46,0,0,'2015-08-10 11:59:30','2015-08-12 23:41:00'),(1118,4,'Daryl Joyce Lopez',0,0,54,46,0,0,'2015-08-10 11:59:46','2015-08-12 23:41:00'),(1119,4,'Elmer Araña',0,0,54,46,33,0,'2015-08-10 12:00:07','2015-08-12 23:41:00'),(1120,4,'Mave Rick Villar',0,0,53,46,33,0,'2015-08-10 12:00:24','2015-08-12 23:41:00'),(1121,4,'Johncis Belista',0,0,0,0,33,0,'2015-08-10 12:00:37','2015-08-12 23:41:00'),(1122,4,'Ryan',0,0,0,0,33,0,'2015-08-10 12:00:46','2015-08-12 23:41:00'),(1123,4,'Alex',0,0,0,0,33,0,'2015-08-10 12:00:54','2015-08-12 23:41:00'),(1124,10,'Johnel Balaoro',0,0,53,46,0,0,'2015-08-10 13:52:18','2015-08-12 23:41:00'),(1125,9,'Mark',0,0,54,0,0,0,'2015-08-10 13:58:06','2015-08-12 23:41:00'),(1126,8,'Jesabel Mangampo',0,68,54,0,0,0,'2015-08-10 14:20:34','2015-08-12 23:41:00'),(1127,8,'Jesabel Mangampo',0,67,53,0,0,0,'2015-08-10 14:21:18','2015-08-12 23:41:00'),(1128,8,'Alex Bartolata',0,68,54,0,0,0,'2015-08-10 14:21:43','2015-08-12 23:41:00'),(1129,10,'Jonathan Placer',0,0,54,46,0,0,'2015-08-10 14:26:04','2015-08-12 23:41:00'),(1130,10,'Kristine Basbacio',0,0,54,46,0,0,'2015-08-10 14:26:15','2015-08-12 23:41:00'),(1131,10,'Evan Dela Pena',0,0,54,46,0,0,'2015-08-10 14:26:30','2015-08-12 23:41:00'),(1132,10,'Ian Lleva',0,0,54,46,0,0,'2015-08-10 14:26:45','2015-08-12 23:41:00'),(1133,10,'Christian Marana',0,68,0,46,0,0,'2015-08-10 14:26:57','2015-08-12 23:41:00'),(1134,10,'Amit',0,68,0,46,0,0,'2015-08-10 14:27:08','2015-08-12 23:41:00'),(1135,10,'Dexter Senier',0,0,54,46,0,0,'2015-08-10 14:27:18','2015-08-12 23:41:00'),(1136,10,'William Anonuevo',0,67,0,46,0,0,'2015-08-10 14:28:27','2015-08-12 23:41:00'),(1137,10,'Alexander Bellen',0,67,0,46,0,0,'2015-08-10 14:28:35','2015-08-12 23:41:00'),(1138,10,'Josef Advincula',0,67,0,46,0,0,'2015-08-10 14:28:43','2015-08-12 23:41:00'),(1139,10,'Julie Nieva',0,0,53,46,0,0,'2015-08-10 14:29:42','2015-08-12 23:41:00'),(1140,10,'Guia Alarkon',0,67,0,46,0,0,'2015-08-10 14:44:48','2015-08-12 23:41:00'),(1141,10,'Christopher Deocareza',0,0,53,46,0,0,'2015-08-10 14:44:59','2015-08-12 23:41:00'),(1142,10,'Karla Morta',0,67,0,0,0,8,'2015-08-10 14:45:15','2015-08-12 23:41:00'),(1143,10,'Imee Olarte',0,68,0,0,0,9,'2015-08-10 14:45:24','2015-08-12 23:41:00'),(1144,10,'John Tenedero',0,0,53,46,0,0,'2015-08-10 15:01:51','2015-08-12 23:41:00'),(1145,10,'Mikee Encinas',0,0,54,46,0,0,'2015-08-10 15:02:07','2015-08-12 23:41:00'),(1146,10,'Sherry Albaytar',0,0,54,46,0,0,'2015-08-10 15:02:19','2015-08-12 23:41:00'),(1147,10,'Quartz Cabalquinto',0,0,54,46,0,0,'2015-08-10 15:02:47','2015-08-12 23:41:00'),(1148,10,'Raymund Naz',0,0,0,0,33,8,'2015-08-10 16:06:24','2015-08-12 23:41:00'),(1149,8,'Jason Llarena',0,67,53,0,0,0,'2015-08-10 16:55:46','2015-08-12 23:41:00'),(1150,8,'Jason Bande',0,67,53,0,0,0,'2015-08-10 17:06:28','2015-08-12 23:41:00'),(1151,8,'Lomeriano Pajes',0,67,53,0,0,0,'2015-08-10 17:06:40','2015-08-12 23:41:00'),(1152,8,'Ruben Bajaro',0,67,54,0,0,0,'2015-08-10 17:06:57','2015-08-12 23:41:00'),(1153,8,'Sharlon De Lumen',0,67,54,0,0,0,'2015-08-10 17:07:11','2015-08-12 23:41:00'),(1154,8,'Christian Menes',0,0,0,0,33,0,'2015-08-10 17:07:26','2015-08-12 23:41:00'),(1155,8,'Jesabel Mangampo',0,69,55,0,0,0,'2015-08-11 08:13:26','2015-08-12 23:41:00'),(1156,8,'Alex Bartolata',0,69,55,0,0,0,'2015-08-11 08:14:11','2015-08-12 23:41:00'),(1157,8,'Jackson Bande',0,70,55,0,0,0,'2015-08-11 08:14:26','2015-08-12 23:41:00'),(1158,8,'Jason Llanera',0,70,56,0,0,0,'2015-08-11 08:14:49','2015-08-12 23:41:00'),(1159,8,'Lomerano Pajes',0,69,55,0,0,0,'2015-08-11 08:15:24','2015-08-12 23:41:00'),(1160,8,'Christian Menes',0,0,0,0,34,0,'2015-08-11 08:15:54','2015-08-12 23:41:00'),(1161,8,'Sharlon De Lumen',0,69,55,0,34,0,'2015-08-11 08:16:13','2015-08-12 23:41:00'),(1162,8,'Ruben Bajaro',0,70,56,0,34,0,'2015-08-11 08:16:35','2015-08-12 23:41:00'),(1163,7,'Francisco Gonzales',0,0,0,0,34,11,'2015-08-11 08:59:23','2015-08-12 23:41:00'),(1164,7,'Ray Ian Ravis',0,0,0,0,34,10,'2015-08-11 08:59:37','2015-08-12 23:41:00'),(1165,7,'Ron John Villanueva',0,0,0,0,34,10,'2015-08-11 08:59:52','2015-08-12 23:41:00'),(1166,7,'Anne Datun',0,0,55,47,0,0,'2015-08-11 09:01:56','2015-08-12 23:41:00'),(1167,7,'Edelyn Ajero',0,0,55,47,0,0,'2015-08-11 09:02:14','2015-08-12 23:41:00'),(1168,7,'Rey-an Llaguno',0,0,56,48,0,0,'2015-08-11 09:02:35','2015-08-12 23:41:00'),(1169,7,'Leny Rejuso',0,0,55,47,0,0,'2015-08-11 09:03:00','2015-08-12 23:41:00'),(1170,7,'Juvynel Luzon',0,0,55,48,0,0,'2015-08-11 09:03:15','2015-08-12 23:41:00'),(1171,7,'Krisna Miranda',0,0,56,47,0,0,'2015-08-11 09:03:38','2015-08-12 23:41:00'),(1172,7,'Mae Bartolabac',0,0,55,48,0,0,'2015-08-11 09:04:03','2015-08-12 23:41:00'),(1173,7,'Michael Kim Silot',0,0,55,47,0,0,'2015-08-11 09:04:26','2015-08-12 23:41:00'),(1174,7,'Maylyn Loteyro',0,0,55,48,0,0,'2015-08-11 09:04:42','2015-08-12 23:41:00'),(1175,7,'Marjorie Javellana',0,0,55,47,0,0,'2015-08-11 09:05:00','2015-08-12 23:41:00'),(1176,7,'Robert Duncan',0,0,55,47,0,0,'2015-08-11 09:05:20','2015-08-12 23:41:00'),(1177,7,'Maria Jesusa Donna Nuyles',0,0,55,48,0,0,'2015-08-11 10:02:04','2015-08-12 23:41:00'),(1178,9,'Mark',0,0,56,0,0,0,'2015-08-11 10:07:55','2015-08-12 23:41:00'),(1179,9,'Ramil Moral',0,0,55,0,0,0,'2015-08-11 10:09:18','2015-08-12 23:41:00'),(1180,10,'Johnel Balaoro',0,0,55,47,0,0,'2015-08-11 11:33:03','2015-08-12 23:41:00'),(1181,4,'Rhea Benitez',0,0,55,47,0,0,'2015-08-11 13:43:58','2015-08-12 23:41:00'),(1182,4,'Richard Banta',0,0,56,48,0,0,'2015-08-11 13:44:13','2015-08-12 23:41:00'),(1183,4,'Mark Sevillano',0,0,55,48,0,0,'2015-08-11 13:44:38','2015-08-12 23:41:00'),(1184,4,'Daryl Joyce Lopez',0,0,55,47,0,0,'2015-08-11 13:44:58','2015-08-12 23:41:00'),(1185,4,'Elmer Araña',0,0,55,48,0,0,'2015-08-11 13:51:32','2015-08-12 23:41:00'),(1186,4,'Mave Rick Villar',0,0,55,47,0,0,'2015-08-11 14:05:42','2015-08-12 23:41:00'),(1187,4,'Alex',0,0,0,0,34,0,'2015-08-11 14:06:00','2015-08-12 23:41:00'),(1188,4,'Ryan',0,0,0,0,34,0,'2015-08-11 14:06:12','2015-08-12 23:41:00'),(1189,4,'Johncis Belista',0,0,0,0,34,0,'2015-08-11 14:06:24','2015-08-12 23:41:00'),(1190,10,'Julie Nieva',0,0,55,48,0,0,'2015-08-11 14:08:45','2015-08-12 23:41:00'),(1191,10,'Julie Nieva',0,69,0,48,0,0,'2015-08-11 14:09:02','2015-08-12 23:41:00'),(1192,10,'Karla Morta',0,69,0,0,0,11,'2015-08-11 14:09:27','2015-08-12 23:41:00'),(1193,10,'Imee Olarte',0,69,0,0,0,10,'2015-08-11 14:09:37','2015-08-12 23:41:00'),(1194,10,'Josef Advincula',0,70,55,48,0,0,'2015-08-11 14:14:15','2015-08-12 23:41:00'),(1195,10,'Guia Alarkon',0,70,0,48,0,0,'2015-08-11 14:14:26','2015-08-12 23:41:00'),(1196,10,'Christopher Deocareza',0,0,55,48,0,0,'2015-08-11 14:14:37','2015-08-12 23:41:00'),(1197,10,'Ian Lleva',0,0,56,48,0,0,'2015-08-11 14:15:19','2015-08-12 23:41:00'),(1198,10,'Christian Marana',0,70,0,48,0,0,'2015-08-11 14:15:33','2015-08-12 23:41:00'),(1199,10,'Dexter Senier',0,0,56,47,0,0,'2015-08-11 14:15:47','2015-08-12 23:41:00'),(1200,10,'Kristine Basbacio',0,0,55,48,0,0,'2015-08-11 14:16:07','2015-08-12 23:41:00'),(1201,10,'Evan Dela Pena',0,0,56,47,0,0,'2015-08-11 14:16:17','2015-08-12 23:41:00'),(1202,10,'Jonathan Placer',0,0,55,47,0,0,'2015-08-11 14:16:29','2015-08-12 23:41:00'),(1203,10,'Amit',0,69,0,48,0,0,'2015-08-11 14:16:38','2015-08-12 23:41:00'),(1204,10,'Quartz Cabalquinto',0,0,56,48,0,0,'2015-08-11 15:52:28','2015-08-12 23:41:00'),(1205,10,'Mikee Encinas',0,0,56,48,0,0,'2015-08-11 15:52:39','2015-08-12 23:41:00'),(1206,10,'John Tenedero',0,0,55,48,0,0,'2015-08-11 15:52:55','2015-08-12 23:41:00'),(1207,10,'Sherry Albaytar',0,0,56,47,0,0,'2015-08-11 15:53:08','2015-08-12 23:41:00'),(1208,10,'Stacy Zaballa',0,0,0,0,34,11,'2015-08-11 16:10:51','2015-08-12 23:41:00'),(1209,10,'Raymund',0,0,0,0,34,10,'2015-08-11 17:06:24','2015-08-12 23:41:00'),(1210,7,'Marco Edward Calilao',0,69,55,47,0,0,'2015-08-11 18:11:05','2015-08-12 23:41:00'),(1211,7,'Marjorie Javellana',0,0,57,51,0,0,'2015-08-12 09:11:03','2015-08-12 23:41:00'),(1212,7,'Robert Duncan',0,0,58,51,0,0,'2015-08-12 09:11:26','2015-08-12 23:41:00'),(1213,7,'Maylyn Loteyro',0,0,57,49,0,0,'2015-08-12 09:13:21','2015-08-12 23:41:00'),(1214,10,'Julie Nieva',0,0,58,51,0,0,'2015-08-12 09:40:03','2015-08-12 23:41:00'),(1215,10,'Johnel Balaoro',0,0,57,51,0,0,'2015-08-12 09:48:15','2015-08-12 23:41:00'),(1216,10,'Rosan Macinas',0,71,0,51,0,0,'2015-08-12 09:48:45','2015-08-12 23:41:00'),(1217,7,'Michael Kim Silot',0,0,57,51,0,0,'2015-08-12 10:23:35','2015-08-12 23:41:00'),(1218,7,'Maria Jesusa Donna Nuyles',0,0,57,49,0,0,'2015-08-12 10:24:22','2015-08-12 23:41:00'),(1219,7,'Anne Datun',0,0,57,51,0,0,'2015-08-12 10:24:49','2015-08-12 23:41:00'),(1220,7,'Edelyn Ajero',0,0,57,51,0,0,'2015-08-12 10:25:08','2015-08-12 23:41:00'),(1221,7,'Rey-an Llaguno',0,0,58,51,0,0,'2015-08-12 10:25:30','2015-08-12 23:41:00'),(1222,7,'Leny Rejuso',0,0,58,51,0,0,'2015-08-12 10:25:48','2015-08-12 23:41:00'),(1223,7,'Juvynel Luzon',0,0,58,51,0,0,'2015-08-12 10:26:02','2015-08-12 23:41:00'),(1224,7,'Krisna Miranda',0,0,57,51,0,0,'2015-08-12 10:26:24','2015-08-12 23:41:00'),(1225,7,'Mae Bartolabac',0,0,57,51,0,0,'2015-08-12 10:26:41','2015-08-12 23:41:00'),(1226,7,'Cyrill Alpajaro',0,0,58,51,0,0,'2015-08-12 10:26:58','2015-08-12 23:41:00'),(1227,7,'Francisco Gonzales',0,0,0,0,35,12,'2015-08-12 10:27:35','2015-08-12 23:41:00'),(1228,7,'Ray Ian Ravis',0,0,0,0,35,13,'2015-08-12 10:27:56','2015-08-12 23:41:00'),(1229,7,'Ron John Villanueva',0,0,0,0,35,13,'2015-08-12 10:28:06','2015-08-12 23:41:00'),(1230,3,'Jonathan Placer',0,0,58,51,0,0,'2015-08-12 10:38:52','2015-08-12 23:41:00'),(1231,10,'Jonathan Placer',0,0,58,51,0,0,'2015-08-12 10:39:06','2015-08-12 23:41:00'),(1232,10,'Kristine Basbacio',0,0,57,51,0,0,'2015-08-12 10:39:17','2015-08-12 23:41:00'),(1233,10,'Evan Dela Pena',0,0,57,51,0,0,'2015-08-12 10:39:29','2015-08-12 23:41:00'),(1234,10,'Dexter Senier',0,0,57,49,0,0,'2015-08-12 10:39:42','2015-08-12 23:41:00'),(1235,10,'Amit',0,71,0,49,0,0,'2015-08-12 10:39:54','2015-08-12 23:41:00'),(1236,10,'Ian Lleva',0,0,57,49,0,0,'2015-08-12 10:40:06','2015-08-12 23:41:00'),(1237,10,'Christian Marana',0,71,0,49,0,0,'2015-08-12 10:40:45','2015-08-12 23:41:00'),(1238,10,'Quartz Cabalquinto',0,0,58,49,0,0,'2015-08-12 10:41:19','2015-08-12 23:41:00'),(1239,10,'Ismael Bilarma',0,0,57,49,0,0,'2015-08-12 11:08:03','2015-08-12 23:41:00'),(1240,10,'Alexander Bellen',0,0,57,49,0,0,'2015-08-12 11:08:16','2015-08-12 23:41:00'),(1241,10,'Leslie Gaveria',0,0,58,51,0,0,'2015-08-12 11:08:58','2015-08-12 23:41:00'),(1242,10,'William Anonuevo',0,0,57,51,0,0,'2015-08-12 11:09:15','2015-08-12 23:41:00'),(1243,10,'Josef Advincula',0,71,57,51,0,0,'2015-08-12 11:09:53','2015-08-12 23:41:00'),(1244,10,'Christopher Deocareza',0,0,58,49,0,0,'2015-08-12 11:10:08','2015-08-12 23:41:00'),(1245,10,'Guia Alarkon',0,0,58,49,0,0,'2015-08-12 11:10:28','2015-08-12 23:41:00'),(1246,10,'Mikee Encinas',0,0,57,51,0,0,'2015-08-12 11:29:05','2015-08-12 23:41:00'),(1247,10,'Sherry Albaytar',0,0,58,51,0,0,'2015-08-12 11:29:17','2015-08-12 23:41:00'),(1248,10,'John Tenedero',0,0,58,49,0,0,'2015-08-12 11:29:27','2015-08-12 23:41:00'),(1249,4,'Rhea Benitez',0,0,57,51,0,0,'2015-08-12 13:04:32','2015-08-12 23:41:00'),(1250,4,'Richard Banta',0,0,57,51,0,0,'2015-08-12 13:04:55','2015-08-12 23:41:00'),(1251,4,'Mark Sevillano',0,0,57,49,0,0,'2015-08-12 13:05:08','2015-08-12 23:41:00'),(1252,4,'Daryl Joyce Lopez',0,0,57,51,0,0,'2015-08-12 13:05:24','2015-08-12 23:41:00'),(1253,4,'Elmer Araña',0,0,57,51,0,0,'2015-08-12 13:06:29','2015-08-12 23:41:00'),(1254,4,'Alex',0,0,0,0,35,0,'2015-08-12 13:06:49','2015-08-12 23:41:00'),(1255,4,'Ryan',0,0,0,0,35,0,'2015-08-12 13:06:55','2015-08-12 23:41:00'),(1256,4,'Johncis Belista',0,0,0,0,35,0,'2015-08-12 13:07:04','2015-08-12 23:41:00'),(1257,4,'Mave Rick Villar',0,0,57,51,0,0,'2015-08-12 13:25:10','2015-08-12 23:41:00'),(1258,8,'Alex Bartolata',0,71,58,0,0,0,'2015-08-12 15:48:25','2015-08-12 23:41:00'),(1259,8,'Jesabel Mangampo',0,72,57,0,0,0,'2015-08-12 15:49:05','2015-08-12 23:41:00'),(1260,8,'Jackson Bande',0,71,58,0,0,0,'2015-08-12 15:49:31','2015-08-12 23:41:00'),(1261,8,'Lomerano Pajes',0,72,57,0,0,0,'2015-08-12 15:49:52','2015-08-12 23:41:00'),(1262,8,'Ruben Bajaro',0,71,57,0,35,0,'2015-08-12 15:50:11','2015-08-12 23:41:00'),(1263,8,'Sharlon De Lumen',0,72,58,0,35,0,'2015-08-12 15:50:31','2015-08-12 23:41:00'),(1264,8,'Jason Llanera',0,72,58,0,0,0,'2015-08-12 15:50:45','2015-08-12 23:41:00'),(1265,8,'Christian Menes',0,0,0,0,35,0,'2015-08-12 15:50:54','2015-08-12 23:41:00'),(1266,10,'',0,0,0,51,35,0,'2015-08-12 16:58:17','2015-08-12 23:41:00'),(1267,10,'Carmela Ortiz',0,0,0,0,35,12,'2015-08-12 20:52:35','2015-08-12 23:41:00'),(1268,3,'kjkj',0,80,0,0,0,0,'2015-08-12 23:40:51','2015-08-12 23:41:00'),(1269,3,'iji',0,80,0,0,0,0,'2015-08-12 23:41:32','2015-08-12 23:41:34'),(1270,3,'jijij',0,80,0,0,0,0,'2015-08-12 23:41:46','2015-08-12 23:41:52'),(1271,3,'jijij',0,80,0,0,0,0,'2015-08-12 23:41:48','2015-08-12 23:41:52'),(1272,3,'jijij',0,80,0,0,0,0,'2015-08-12 23:41:51','2015-08-12 23:41:52'),(1273,4,'j',0,0,0,0,0,0,'2015-08-12 23:43:36','2015-08-12 23:43:44'),(1274,7,'Anne Datun',0,0,65,53,0,0,'2015-08-13 10:14:13','2015-08-13 21:26:30'),(1275,7,'Edelyn Ajero',0,0,65,54,0,0,'2015-08-13 10:14:27','2015-08-13 21:26:30'),(1276,7,'Rey-an Llaguno',0,0,65,53,0,0,'2015-08-13 10:14:49','2015-08-13 21:26:30'),(1277,7,'Leny Rejuso',0,0,65,54,0,0,'2015-08-13 10:15:13','2015-08-13 21:26:30'),(1278,7,'Krisna Miranda',0,0,66,54,0,0,'2015-08-13 10:15:40','2015-08-13 21:26:30'),(1279,7,'Juvynel Luzon',0,0,65,53,0,0,'2015-08-13 10:15:56','2015-08-13 21:26:30'),(1280,7,'Mae Bartolabac',0,0,66,54,0,0,'2015-08-13 10:16:17','2015-08-13 21:26:30'),(1281,7,'Michael Kim Silot',0,0,66,53,0,0,'2015-08-13 10:16:35','2015-08-13 21:26:30'),(1282,7,'Maria Jesusa Donna Nuyles',0,0,65,54,0,0,'2015-08-13 10:16:55','2015-08-13 21:26:30'),(1283,7,'Maylyn Loteyro',0,0,65,54,0,0,'2015-08-13 10:17:10','2015-08-13 21:26:30'),(1284,7,'Marjorie Javellana',0,0,65,53,0,0,'2015-08-13 10:17:26','2015-08-13 21:26:30'),(1285,7,'Robert Duncan',0,0,66,54,0,0,'2015-08-13 10:17:43','2015-08-13 21:26:30'),(1286,7,'Francisco Gonzales',0,0,0,0,40,17,'2015-08-13 10:19:08','2015-08-13 21:26:30'),(1287,7,'Ray Ian Ravis',0,0,0,0,40,17,'2015-08-13 10:19:24','2015-08-13 21:26:30'),(1288,7,'Ron John Villanueva',0,0,0,0,40,17,'2015-08-13 10:19:36','2015-08-13 21:26:30'),(1289,7,'Marco Edward Calilao',0,0,65,54,0,0,'2015-08-13 10:26:30','2015-08-13 21:26:30'),(1290,7,'Kristine Gonzales',0,0,0,0,40,16,'2015-08-13 10:41:06','2015-08-13 21:26:30'),(1291,4,'Rhea Benitez',0,0,65,54,0,0,'2015-08-13 12:37:39','2015-08-13 21:26:30'),(1292,4,'Richard Banta',0,0,66,54,0,0,'2015-08-13 12:37:53','2015-08-13 21:26:30'),(1293,4,'Mark Sevillano',0,0,66,54,0,0,'2015-08-13 12:38:16','2015-08-13 21:26:30'),(1294,4,'Daryl Joyce Lopez',0,0,65,53,0,0,'2015-08-13 12:38:32','2015-08-13 21:26:30'),(1295,4,'Elmer Araña',0,0,65,54,40,0,'2015-08-13 12:39:47','2015-08-13 21:26:30'),(1296,4,'Johncis Belista',0,0,0,0,40,0,'2015-08-13 12:40:00','2015-08-13 21:26:30'),(1297,4,'Alex',0,0,0,0,40,0,'2015-08-13 12:40:08','2015-08-13 21:26:30'),(1298,4,'Ryan',0,0,0,0,40,0,'2015-08-13 12:40:15','2015-08-13 21:26:30'),(1299,6,'Richard Alamer',0,0,65,0,0,0,'2015-08-13 13:37:48','2015-08-13 21:26:30'),(1300,6,'Cristy Jaranilla',0,0,65,0,0,0,'2015-08-13 13:37:57','2015-08-13 21:26:30'),(1301,6,'Joshua Ruiz',0,0,65,0,0,0,'2015-08-13 13:38:14','2015-08-13 21:26:30'),(1302,6,'Justin Belga',0,0,65,0,0,0,'2015-08-13 13:38:24','2015-08-13 21:26:30'),(1303,6,'Mac Noble',0,0,65,0,0,0,'2015-08-13 13:38:36','2015-08-13 21:26:30'),(1304,10,'Julie Nieva',0,0,65,54,0,0,'2015-08-13 13:41:55','2015-08-13 21:26:30'),(1305,10,'Johnel Balaoro',0,0,65,53,0,0,'2015-08-13 13:43:24','2015-08-13 21:26:30'),(1306,10,'Leslie Gaveria',0,0,66,54,0,0,'2015-08-13 13:58:12','2015-08-13 21:26:30'),(1307,10,'Ismael Bilarma',0,0,65,54,0,0,'2015-08-13 13:58:26','2015-08-13 21:26:30'),(1308,10,'Alexander Bellen',0,0,65,54,0,0,'2015-08-13 13:58:40','2015-08-13 21:26:30'),(1309,10,'Kristine Basbacio',0,0,65,54,0,0,'2015-08-13 14:01:24','2015-08-13 21:26:30'),(1310,10,'Evan Dela Pena',0,82,0,53,0,0,'2015-08-13 14:01:41','2015-08-13 21:26:30'),(1311,10,'Jonathan Placer',0,0,65,54,0,0,'2015-08-13 14:01:55','2015-08-13 21:26:30'),(1312,10,'Dexter Senier',0,81,0,54,0,0,'2015-08-13 14:02:05','2015-08-13 21:26:30'),(1313,10,'Ian Lleva',0,0,65,53,0,0,'2015-08-13 14:02:17','2015-08-13 21:26:30'),(1314,10,'Christian Marana',0,81,0,53,0,0,'2015-08-13 14:02:39','2015-08-13 21:26:30'),(1315,10,'Amit',0,81,0,53,0,0,'2015-08-13 14:02:56','2015-08-13 21:26:30'),(1316,10,'Josef Advincula',0,81,66,54,0,0,'2015-08-13 14:03:50','2015-08-13 21:26:30'),(1317,10,'Christopher Deocareza',0,0,65,54,0,0,'2015-08-13 14:04:07','2015-08-13 21:26:30'),(1318,10,'Guia Alarkon',0,0,65,54,0,0,'2015-08-13 14:04:19','2015-08-13 21:26:30'),(1319,10,'William Anonuevo',0,0,65,54,0,0,'2015-08-13 14:07:10','2015-08-13 21:26:30'),(1320,10,'Carmela',0,0,0,0,40,17,'2015-08-13 15:47:09','2015-08-13 21:26:30'),(1321,4,'Mave Rick Villar',0,0,65,54,40,0,'2015-08-13 16:04:35','2015-08-13 21:26:30'),(1322,10,'Mikee Encinas',0,0,65,54,0,0,'2015-08-13 16:08:05','2015-08-13 21:26:30'),(1323,10,'Quartz Cabalquinto',0,0,66,54,0,0,'2015-08-13 16:08:16','2015-08-13 21:26:30'),(1324,10,'John Tenedero',0,0,66,54,0,0,'2015-08-13 16:08:27','2015-08-13 21:26:30'),(1325,10,'Sherry Albaytar',0,0,65,53,0,0,'2015-08-13 16:08:35','2015-08-13 21:26:30'),(1326,10,'',0,0,0,53,40,0,'2015-08-13 16:28:11','2015-08-13 21:26:30'),(1327,8,'Jesabel Mangampo',0,81,65,0,0,0,'2015-08-13 17:48:43','2015-08-13 21:26:30'),(1328,8,'Alex Bartolata',0,82,65,0,0,0,'2015-08-13 17:49:05','2015-08-13 21:26:30'),(1329,8,'Lomeriano Pajes',0,81,65,0,0,0,'2015-08-13 17:49:17','2015-08-13 21:26:30'),(1330,8,'Ruben Bajaro',0,82,65,0,0,0,'2015-08-13 17:49:37','2015-08-13 17:50:58'),(1331,8,'Jason Llarena',0,81,65,0,0,0,'2015-08-13 17:49:57','2015-08-13 21:26:30'),(1332,8,'Jason Bande',0,81,65,0,0,0,'2015-08-13 17:50:10','2015-08-13 21:26:30'),(1333,8,'Sharlon De Lumen',0,82,65,0,0,0,'2015-08-13 17:50:31','2015-08-13 21:26:30'),(1334,8,'Christian Menes',0,0,0,0,40,0,'2015-08-13 17:50:42','2015-08-13 21:26:30'),(1335,8,'Ruben Bajaro',0,82,65,0,40,0,'2015-08-13 17:51:15','2015-08-13 21:26:30'),(1336,7,'Robert Duncan',0,0,67,55,0,0,'2015-08-14 09:32:13','2015-08-14 19:09:45'),(1337,7,'Marjorie Javellana',0,0,67,56,0,0,'2015-08-14 09:32:58','2015-08-14 17:55:20'),(1338,7,'Maylyn Loteyro',0,0,68,55,0,0,'2015-08-14 09:33:48','2015-08-14 19:09:45'),(1339,10,'Julie Nieva',0,0,68,55,0,0,'2015-08-14 15:38:33','2015-08-14 19:09:45'),(1340,10,'Kristine Basbacio',0,0,67,55,0,0,'2015-08-14 15:38:44','2015-08-14 19:09:45'),(1341,10,'Ismael Bilarma',0,0,68,55,0,0,'2015-08-14 15:40:15','2015-08-14 19:09:45'),(1342,10,'Alexander Bellen',0,0,67,55,0,0,'2015-08-14 15:40:28','2015-08-14 19:09:45'),(1343,10,'Leslie Gaveria',0,0,67,55,0,0,'2015-08-14 15:40:37','2015-08-14 19:09:45'),(1344,10,'William Anonuevo',0,0,67,55,0,0,'2015-08-14 15:41:05','2015-08-14 19:09:45'),(1345,10,'Quartz Cabalquinto',0,0,67,55,0,0,'2015-08-14 15:41:34','2015-08-14 19:09:45'),(1346,10,'John Tenedero',0,84,0,55,0,0,'2015-08-14 15:41:49','2015-08-14 19:09:45'),(1347,10,'Mikee Encinas',0,0,67,55,0,0,'2015-08-14 15:42:00','2015-08-14 19:09:45'),(1348,10,'Sherry Albaytar',0,84,67,55,0,0,'2015-08-14 15:42:15','2015-08-14 19:09:45'),(1349,10,'Jonathan Placer',0,0,67,55,0,0,'2015-08-14 15:44:19','2015-08-14 19:09:45'),(1350,10,'Karla Morta',0,84,0,0,0,18,'2015-08-14 15:45:55','2015-08-14 19:09:45'),(1351,10,'Imee Olarte',0,83,0,0,0,18,'2015-08-14 15:46:05','2015-08-14 19:09:45'),(1352,10,'Christian Marana',0,84,0,55,0,0,'2015-08-14 15:46:23','2015-08-14 19:09:45'),(1353,10,'Evan Dela Pena',0,84,0,55,0,0,'2015-08-14 15:46:35','2015-08-14 19:09:45'),(1354,10,'Dexter Senier',0,84,0,55,0,0,'2015-08-14 15:46:51','2015-08-14 19:09:45'),(1355,10,'Lea ',0,0,67,55,0,0,'2015-08-14 16:00:51','2015-08-14 19:09:45'),(1356,10,'Rosan',0,84,0,55,0,0,'2015-08-14 16:01:17','2015-08-14 19:09:45'),(1357,10,'Amit',0,0,67,56,0,0,'2015-08-14 16:02:12','2015-08-14 19:09:45'),(1358,10,'Ian Lleva',0,0,67,56,0,0,'2015-08-14 16:02:51','2015-08-14 19:09:45'),(1359,4,'Rhea Benitez',0,0,68,56,0,0,'2015-08-14 16:20:12','2015-08-14 19:09:45'),(1360,4,'Richard Banta',0,0,67,55,0,0,'2015-08-14 16:20:31','2015-08-14 19:09:45'),(1361,4,'Mark Sevillano',0,0,67,55,0,0,'2015-08-14 16:20:46','2015-08-14 19:09:45'),(1362,4,'Daryl Joyce Lopez',0,0,67,56,0,0,'2015-08-14 16:21:02','2015-08-14 19:09:45'),(1363,4,'Elmer Arana',0,0,67,55,41,0,'2015-08-14 16:21:21','2015-08-14 19:09:45'),(1364,4,'Mave Rick Villar',0,0,68,55,41,0,'2015-08-14 16:21:36','2015-08-14 19:09:45'),(1365,4,'Alex',0,0,0,0,41,0,'2015-08-14 16:21:42','2015-08-14 19:09:45'),(1366,4,'Johncis Belista',0,0,0,0,41,0,'2015-08-14 16:21:49','2015-08-14 19:09:45'),(1367,4,'Ryan',0,0,0,0,41,0,'2015-08-14 16:21:58','2015-08-14 19:09:45'),(1368,10,'Carmela',0,0,0,0,41,19,'2015-08-14 16:47:33','2015-08-14 19:09:45'),(1369,10,'Rex Jimenez',0,0,0,0,41,19,'2015-08-14 17:36:49','2015-08-14 19:09:45'),(1370,7,'Maria Jesusa Donna Nuyles',0,84,0,0,0,0,'2015-08-14 17:51:42','2015-08-14 19:09:45'),(1371,7,'Rey-an Llaguno',0,84,0,0,0,0,'2015-08-14 17:51:53','2015-08-14 19:09:45'),(1372,7,'Leny Rejuso',0,84,0,0,0,0,'2015-08-14 17:52:06','2015-08-14 19:09:45'),(1373,7,'Regine Duncan',0,84,0,0,0,0,'2015-08-14 17:55:12','2015-08-14 19:09:45'),(1374,7,'Marjorie Javellana',0,84,67,56,0,0,'2015-08-14 17:55:43','2015-08-14 19:09:45'),(1375,8,'Lomeriano Pajes',0,84,67,0,0,0,'2015-08-14 17:59:54','2015-08-14 19:09:45'),(1376,8,'Alex Bartolata',0,83,67,0,0,0,'2015-08-14 18:00:11','2015-08-14 19:09:45'),(1377,8,'Jesabel Mangampo',0,84,68,0,0,0,'2015-08-14 18:00:23','2015-08-14 19:09:45'),(1378,8,'Jesabel Mangampo',0,84,68,0,0,0,'2015-08-14 18:00:37','2015-08-14 18:01:37'),(1379,8,'Jason Bande',0,84,67,0,0,0,'2015-08-14 18:01:50','2015-08-14 19:09:45'),(1380,8,'Jason Llarena',0,83,67,0,0,0,'2015-08-14 18:02:12','2015-08-14 19:09:45'),(1381,8,'Christian Menes',0,0,0,0,41,0,'2015-08-14 18:03:04','2015-08-14 19:09:45'),(1382,8,'Ruben Bajaro',0,84,67,0,41,0,'2015-08-14 18:03:22','2015-08-14 19:09:45'),(1383,8,'Sharlon De Lumen',0,84,67,0,0,0,'2015-08-14 18:05:58','2015-08-14 19:09:45'),(1384,10,'Stacy Zaballa',0,0,0,0,42,20,'2015-08-14 19:14:34','2015-08-17 16:08:43'),(1385,10,'Carmela',0,0,0,0,42,21,'2015-08-14 22:44:06','2015-08-14 22:44:35'),(1386,4,'Rhea Benitez',0,0,69,58,0,0,'2015-08-15 13:20:44','2015-08-17 17:51:12'),(1387,4,'Daryl Joyce Lopez',0,0,71,58,0,0,'2015-08-15 13:22:17','2015-08-17 17:51:12'),(1388,4,'Mark Sevillano',0,0,69,58,0,0,'2015-08-15 13:22:44','2015-08-17 17:51:12'),(1389,4,'Elmer Arana',0,0,71,58,42,0,'2015-08-15 13:23:16','2015-08-17 17:51:12'),(1390,4,'Mave Rick Villar',0,0,71,58,42,0,'2015-08-15 13:23:42','2015-08-17 17:51:12'),(1391,4,'Johncis Belista',0,0,0,0,42,0,'2015-08-15 13:23:58','2015-08-17 17:51:12'),(1392,4,'Ryan',0,0,0,0,42,0,'2015-08-15 13:24:06','2015-08-17 17:51:12'),(1393,4,'Alex',0,0,0,0,42,0,'2015-08-15 13:24:16','2015-08-17 17:51:12'),(1394,4,'Richard Banta',0,0,69,58,0,0,'2015-08-15 13:24:34','2015-08-17 17:51:12'),(1395,8,'Alex Bartolata',0,86,71,0,0,0,'2015-08-15 17:37:14','2015-08-17 12:49:08'),(1396,8,'Jesabel Mangampo',0,85,71,0,0,0,'2015-08-15 17:37:46','2015-08-17 12:49:05'),(1397,8,'Jackson Bande',0,85,71,0,0,0,'2015-08-15 17:38:07','2015-08-17 12:49:01'),(1398,8,'Lomerano Pajes',0,86,71,0,0,0,'2015-08-15 17:38:25','2015-08-17 12:48:58'),(1399,8,'Jason Llanera',0,85,71,0,0,0,'2015-08-15 17:38:43','2015-08-17 12:48:55'),(1400,8,'Ruben Bajaro',0,86,71,0,42,0,'2015-08-15 17:39:01','2015-08-17 12:48:32'),(1401,8,'Sharlon De Lumen',0,85,69,0,42,0,'2015-08-15 17:39:20','2015-08-17 12:45:41'),(1402,8,'Christian Menes',0,0,0,0,42,0,'2015-08-15 17:39:35','2015-08-17 12:45:23'),(1403,10,'Rex Jimenez',0,0,0,0,42,21,'2015-08-15 18:55:14','2015-08-17 16:08:15'),(1404,10,'Venus',0,0,71,58,0,0,'2015-08-16 06:34:09','2015-08-17 16:08:21'),(1405,10,'Raymund Naz',0,0,0,0,42,21,'2015-08-16 15:55:14','2015-08-17 16:08:49'),(1406,7,'Marco Edward Calilao',0,88,73,0,0,0,'2015-08-16 17:43:18','2015-08-17 17:51:12'),(1407,10,'Johnel Balaoro',0,0,73,59,0,0,'2015-08-17 07:26:23','2015-08-17 17:51:12'),(1408,10,'Lea Ranoco',0,87,0,59,0,0,'2015-08-17 07:26:48','2015-08-17 17:51:12'),(1409,10,'Christopher Deocareza',0,0,72,59,0,0,'2015-08-17 10:36:38','2015-08-17 17:51:12'),(1410,10,'Guia Alarkon',0,0,72,59,0,0,'2015-08-17 10:38:05','2015-08-17 17:51:12'),(1411,10,'Julie Nieva',0,0,73,59,0,0,'2015-08-17 10:38:16','2015-08-17 17:51:12'),(1412,10,'William Anonuevo',0,0,73,59,0,0,'2015-08-17 11:08:35','2015-08-17 17:51:13'),(1413,10,'Alexander Bellen',0,0,73,59,0,0,'2015-08-17 11:08:42','2015-08-17 17:51:13'),(1414,10,'Ismael Bilarma',0,0,73,59,0,0,'2015-08-17 11:08:50','2015-08-17 17:51:13'),(1415,10,'Leslie Gaveria',0,0,73,59,0,0,'2015-08-17 11:08:59','2015-08-17 17:51:13'),(1416,10,'Josef Advincula',0,87,73,59,0,0,'2015-08-17 11:29:30','2015-08-17 17:51:13'),(1417,8,'Alex Bartolata',0,88,73,0,0,0,'2015-08-17 11:40:54','2015-08-17 11:41:15'),(1418,7,'erwin ryan inacay',0,87,73,59,0,0,'2015-08-17 12:41:35','2015-08-17 17:51:13'),(1419,7,'Maria Jesusa Donna Nuyles',0,87,73,59,0,0,'2015-08-17 12:41:53','2015-08-17 17:51:13'),(1420,7,'Maylyn Loteyro',0,87,73,59,0,0,'2015-08-17 12:42:16','2015-08-17 17:51:13'),(1421,7,'Regine Duncan',0,87,73,59,0,0,'2015-08-17 12:42:41','2015-08-17 17:51:13'),(1422,7,'Rey-an Llaguno',0,87,73,59,0,0,'2015-08-17 12:43:05','2015-08-17 17:51:13'),(1423,7,'Leny Rejuso',0,88,73,59,0,0,'2015-08-17 12:43:46','2015-08-17 17:51:13'),(1424,7,'Kristine Gonzales',0,87,0,59,0,0,'2015-08-17 12:44:09','2015-08-17 17:51:13'),(1425,7,'Robert Duncan',0,87,73,59,0,0,'2015-08-17 12:46:17','2015-08-17 17:51:13'),(1426,7,'Marjorie Javellana',0,87,73,59,0,0,'2015-08-17 12:46:53','2015-08-17 17:51:13'),(1427,7,'Francisco Gonzales',0,87,0,0,43,22,'2015-08-17 12:48:21','2015-08-17 17:51:13'),(1428,7,'Ray Ian Ravis',0,87,0,0,43,22,'2015-08-17 12:49:25','2015-08-17 17:51:13'),(1429,8,'Jesabel Mangampo',0,87,73,0,0,0,'2015-08-17 12:49:35','2015-08-17 17:51:13'),(1430,4,'Rhea Benitez',0,0,73,59,0,0,'2015-08-17 12:50:56','2015-08-17 17:51:13'),(1431,4,'Mark Sevillano',0,0,73,59,0,0,'2015-08-17 12:51:42','2015-08-17 17:51:13'),(1432,4,'Daryl Joyce Lopez',0,0,73,59,0,0,'2015-08-17 12:51:57','2015-08-17 17:51:13'),(1433,4,'Mave Rick Villar',0,0,73,59,43,0,'2015-08-17 12:52:21','2015-08-17 17:51:13'),(1434,4,'Richard Banta',0,0,73,59,0,0,'2015-08-17 12:52:37','2015-08-17 17:51:13'),(1435,4,'Elmer Arana',0,0,73,59,43,0,'2015-08-17 12:52:52','2015-08-17 17:51:13'),(1436,4,'Alex',0,0,0,0,43,0,'2015-08-17 12:53:00','2015-08-17 17:51:13'),(1437,4,'Ryan',0,0,0,0,43,0,'2015-08-17 12:53:08','2015-08-17 17:51:13'),(1438,4,'Johncis Belista',0,0,0,0,43,0,'2015-08-17 12:53:16','2015-08-17 17:51:13'),(1439,7,'Ron John Villanueva',0,87,0,0,43,22,'2015-08-17 12:54:12','2015-08-17 17:51:13'),(1440,8,'Alex Bartolata',0,88,73,0,0,0,'2015-08-17 12:57:15','2015-08-17 17:51:13'),(1441,8,'Jason Bande',0,88,73,0,0,0,'2015-08-17 12:57:29','2015-08-17 17:51:13'),(1442,8,'Ruben Bajaro',0,87,73,0,0,0,'2015-08-17 12:57:41','2015-08-17 13:05:10'),(1443,8,'Jason Llarena',0,88,73,0,0,0,'2015-08-17 12:57:53','2015-08-17 17:51:13'),(1444,8,'Lomeriano Pajes',0,87,73,0,0,0,'2015-08-17 13:02:23','2015-08-17 17:51:13'),(1445,8,'Christian Menes',0,0,0,0,43,0,'2015-08-17 13:04:13','2015-08-17 17:51:13'),(1446,8,'Sharlon De Lumen',0,87,72,0,43,0,'2015-08-17 13:04:30','2015-08-17 17:51:13'),(1447,8,'Ruben Bajaro',0,87,73,0,43,0,'2015-08-17 13:05:23','2015-08-17 17:51:13'),(1448,6,'Richard Alamer',0,0,73,59,0,0,'2015-08-17 14:33:34','2015-08-17 17:51:13'),(1449,6,'Mac Noble',0,0,73,0,0,0,'2015-08-17 14:34:02','2015-08-17 17:51:13'),(1450,6,'Cristy Jaranilla',0,0,72,0,0,0,'2015-08-17 14:34:55','2015-08-17 17:51:13'),(1451,6,'Justin Belga',0,0,0,59,0,0,'2015-08-17 14:46:02','2015-08-17 17:51:13'),(1452,6,'Joshua Ruiz',0,0,0,59,0,0,'2015-08-17 14:46:17','2015-08-17 17:51:13'),(1453,10,'Rex Jimenez',0,0,0,0,43,22,'2015-08-17 15:52:37','2015-08-17 17:51:13'),(1454,10,'Jonathan Placer',0,0,73,59,0,0,'2015-08-17 16:05:23','2015-08-17 17:51:13'),(1455,10,'Kristine Basbacio',0,0,73,59,0,0,'2015-08-17 16:05:31','2015-08-17 17:51:13'),(1456,10,'Venus Duran',0,0,73,59,0,0,'2015-08-17 16:06:53','2015-08-17 17:51:13'),(1457,10,'Ian Lleva',0,0,73,59,0,0,'2015-08-17 16:07:05','2015-08-17 17:51:13'),(1458,10,'Evan Dela Pena',0,0,73,59,0,0,'2015-08-17 16:07:14','2015-08-17 17:51:13'),(1459,10,'Christian Marana',0,88,0,59,0,0,'2015-08-17 16:07:29','2015-08-17 17:51:13'),(1460,10,'Amit',0,88,0,59,0,0,'2015-08-17 16:07:39','2015-08-17 17:51:13'),(1461,10,'Raymund Naz',0,0,0,0,43,23,'2015-08-17 16:11:53','2015-08-17 17:51:13'),(1462,10,'',0,0,0,0,43,23,'2015-08-17 16:20:23','2015-08-17 17:51:13'),(1463,10,'Sherry Albaytar',0,0,73,59,0,0,'2015-08-17 16:29:28','2015-08-17 17:51:13'),(1464,10,'John Tenedero',0,0,72,59,0,0,'2015-08-17 16:29:39','2015-08-17 17:51:13'),(1465,10,'Quartz Cabalquinto',0,0,72,59,0,0,'2015-08-17 16:30:44','2015-08-17 17:51:13'),(1466,10,'Mikee Encinas',0,0,73,59,0,0,'2015-08-17 16:32:32','2015-08-17 16:32:47'),(1467,10,'Mikee Encinas',0,0,72,59,0,0,'2015-08-17 16:32:57','2015-08-17 17:51:13'),(1468,7,'Francisco Gonzales',0,90,0,0,44,24,'2015-08-18 08:29:13','2015-08-18 18:56:03'),(1469,7,'Rey-an Llaguno',0,89,0,0,44,25,'2015-08-18 08:29:52','2015-08-18 08:30:01'),(1470,7,'Ray Ian Ravis',0,89,0,0,44,25,'2015-08-18 08:30:24','2015-08-18 18:56:03'),(1471,7,'Ron John Villanueva',0,89,0,0,44,24,'2015-08-18 08:31:02','2015-08-18 18:56:03'),(1472,7,'Regine Duncan',0,90,75,60,0,0,'2015-08-18 08:31:36','2015-08-18 18:56:03'),(1473,7,'Rey-an Llaguno',0,89,74,60,0,0,'2015-08-18 08:31:59','2015-08-18 18:56:03'),(1474,7,'Leny Rejuso',0,90,75,60,0,0,'2015-08-18 08:32:29','2015-08-18 18:56:03'),(1475,7,'Robert Duncan',0,90,75,60,0,0,'2015-08-18 08:33:48','2015-08-18 18:56:03'),(1476,7,'Marjorie Javellana',0,89,75,60,0,0,'2015-08-18 08:38:55','2015-08-18 18:56:03'),(1477,7,'Maylyn Loteyro',0,89,74,60,0,0,'2015-08-18 08:39:32','2015-08-18 18:56:03'),(1478,7,'Maria Jesusa Donna Nuyles',0,90,75,60,0,0,'2015-08-18 08:41:53','2015-08-18 18:56:03'),(1479,10,'Julie Nieva',0,0,75,60,0,0,'2015-08-18 08:48:06','2015-08-18 18:56:03'),(1480,10,'Rosan Macinas ',0,0,74,60,0,0,'2015-08-18 09:06:16','2015-08-18 18:56:03'),(1481,10,'Lea Ranoco',0,89,0,60,0,0,'2015-08-18 09:06:42','2015-08-18 18:56:03'),(1482,10,'Johnel Balaoro',0,0,74,60,0,0,'2015-08-18 09:07:32','2015-08-18 18:56:03'),(1483,7,'Kristine Gonzales',0,0,75,60,0,0,'2015-08-18 09:08:00','2015-08-18 18:56:03'),(1484,10,'Josef Advincula',0,89,74,60,0,0,'2015-08-18 09:08:49','2015-08-18 18:56:03'),(1485,10,'Christopher Deocareza',0,0,75,60,0,0,'2015-08-18 09:09:00','2015-08-18 18:56:03'),(1486,10,'Guia Alarkon',0,0,75,60,0,0,'2015-08-18 09:09:10','2015-08-18 18:56:03'),(1487,10,'Ian Lleva',0,0,75,60,0,0,'2015-08-18 09:13:32','2015-08-18 18:56:03'),(1488,10,'Evan Dela Pena',0,0,74,60,0,0,'2015-08-18 09:13:42','2015-08-18 18:56:03'),(1489,10,'Kristine Basbacio',0,0,74,60,0,0,'2015-08-18 09:13:53','2015-08-18 18:56:03'),(1490,10,'Vicente Repolles',0,0,74,60,0,0,'2015-08-18 09:14:02','2015-08-18 18:56:03'),(1491,10,'Christian Marana',0,89,0,60,0,0,'2015-08-18 09:14:15','2015-08-18 18:56:03'),(1492,10,'Jonathan Placer',0,0,74,60,0,0,'2015-08-18 09:14:25','2015-08-18 18:56:03'),(1493,10,'Amit',0,89,0,60,0,0,'2015-08-18 09:14:35','2015-08-18 18:56:03'),(1494,7,'erwin ryan inacay',0,89,74,60,0,0,'2015-08-18 09:21:37','2015-08-18 18:56:03'),(1495,4,'Rhea Benitez',0,0,75,60,0,0,'2015-08-18 12:55:43','2015-08-18 18:56:03'),(1496,4,'Richard Banta',0,0,75,60,0,0,'2015-08-18 12:56:01','2015-08-18 18:56:03'),(1497,4,'Daryl Joyce Lopez',0,0,75,60,0,0,'2015-08-18 12:56:18','2015-08-18 18:56:03'),(1498,4,'Elmer Arana',0,0,75,60,0,0,'2015-08-18 12:57:31','2015-08-18 18:56:03'),(1499,10,'William Anonuevo',0,0,75,60,0,0,'2015-08-18 14:41:41','2015-08-18 18:56:03'),(1500,10,'Ismael Bilarma',0,0,75,60,0,0,'2015-08-18 14:41:50','2015-08-18 18:56:03'),(1501,10,'Ismael Bilarma',0,0,75,60,0,0,'2015-08-18 14:42:00','2015-08-18 14:42:09'),(1502,10,'Alexander Bellen',0,0,75,60,0,0,'2015-08-18 14:42:18','2015-08-18 18:56:03'),(1503,10,'Leslie Gaveria',0,0,75,60,0,0,'2015-08-18 14:42:28','2015-08-18 18:56:03'),(1504,10,'Mikee Encinas',0,0,75,60,0,0,'2015-08-18 14:43:01','2015-08-18 18:56:03'),(1505,10,'Quartz Cabalquinto',0,0,75,60,0,0,'2015-08-18 14:43:08','2015-08-18 18:56:03'),(1506,10,'Sherry Albaytar',0,0,75,60,0,0,'2015-08-18 14:43:16','2015-08-18 18:56:03'),(1507,10,'John Tenedero',0,0,74,60,0,0,'2015-08-18 14:43:27','2015-08-18 18:56:03'),(1508,10,'Raymund Naz',0,0,0,0,44,27,'2015-08-18 15:21:34','2015-08-18 18:56:03'),(1509,9,'Ramil Moral',0,0,75,0,0,0,'2015-08-18 16:14:13','2015-08-18 17:59:53'),(1510,9,'Mark Vargas',0,0,75,0,0,0,'2015-08-18 16:14:20','2015-08-18 17:59:50'),(1511,10,'',0,0,0,60,44,0,'2015-08-18 16:30:03','2015-08-18 18:56:03'),(1512,0,'Mave Rick Villar',0,0,75,60,0,0,'2015-08-18 16:38:53','2015-08-18 18:56:03'),(1513,4,'Mave Rick Villar',0,0,75,60,0,0,'2015-08-18 16:39:22','2015-08-18 18:56:03'),(1514,4,'Alex',0,0,0,0,44,0,'2015-08-18 16:39:33','2015-08-18 18:56:03'),(1515,4,'Johncis Belista',0,0,0,0,44,0,'2015-08-18 16:39:41','2015-08-18 18:56:03'),(1516,4,'Ryan',0,0,0,0,44,0,'2015-08-18 16:39:47','2015-08-18 18:56:03'),(1517,8,'Jesabel Mangampo',0,89,74,0,0,0,'2015-08-18 17:10:12','2015-08-18 18:56:03'),(1518,8,'Alex Bartolata',0,89,75,0,0,0,'2015-08-18 17:11:10','2015-08-18 18:56:03'),(1519,8,'Jackson Bande',0,90,74,0,0,0,'2015-08-18 17:11:35','2015-08-18 18:56:03'),(1520,8,'Jason Llanera',0,89,74,0,0,0,'2015-08-18 17:11:57','2015-08-18 18:56:03'),(1521,8,'Ruben Bajaro',0,89,74,0,44,0,'2015-08-18 17:12:11','2015-08-18 18:56:03'),(1522,8,'Sharlon De Lumen',0,90,75,0,44,0,'2015-08-18 17:12:26','2015-08-18 18:56:03'),(1523,8,'Christian Menes',0,0,0,0,44,0,'2015-08-18 17:12:37','2015-08-18 18:56:03'),(1524,9,'Ramil Moral',0,0,75,0,44,0,'2015-08-18 18:00:07','2015-08-18 18:56:03'),(1525,9,'Mark Vargas',0,0,75,0,44,0,'2015-08-18 18:01:08','2015-08-18 18:56:03'),(1526,9,'Marco Edward Calilao',0,89,75,60,0,0,'2015-08-18 18:01:35','2015-08-18 18:56:03'),(1527,9,'John Paul Grefaldo',0,0,75,0,44,0,'2015-08-18 18:01:55','2015-08-18 18:56:03'),(1528,9,'Ismael Bisamal',0,0,0,0,44,0,'2015-08-18 18:10:32','2015-08-18 18:56:03'),(1529,7,'Francisco Gonzales',0,92,0,0,0,29,'2015-08-19 06:48:43','2015-08-19 17:57:41'),(1530,7,'Ray Ian Ravis',0,91,0,0,0,29,'2015-08-19 06:50:38','2015-08-19 17:57:41'),(1531,7,'Ron John Villanueva',0,91,0,0,0,29,'2015-08-19 06:51:09','2015-08-19 17:57:41'),(1532,7,'Robert Duncan',0,92,77,61,0,0,'2015-08-19 06:51:56','2015-08-19 17:57:41'),(1533,7,'Marjorie Javellana',0,91,76,61,0,0,'2015-08-19 06:52:36','2015-08-19 17:57:41'),(1534,7,'Regine Duncan',0,91,76,61,0,0,'2015-08-19 06:53:36','2015-08-19 17:57:41'),(1535,7,'Leny Rejuso',0,91,77,61,0,0,'2015-08-19 06:54:57','2015-08-19 17:57:41'),(1536,7,'Rey-an Llaguno',0,92,77,61,0,0,'2015-08-19 06:59:48','2015-08-19 17:57:41'),(1537,7,'Maylyn Loteyro',0,92,76,61,0,0,'2015-08-19 07:00:05','2015-08-19 17:57:41'),(1538,7,'Maria Jesusa Donna Nuyles',0,92,76,61,0,0,'2015-08-19 07:00:37','2015-08-19 17:57:41'),(1539,10,'Julie Nieva',0,0,77,61,0,0,'2015-08-19 09:35:23','2015-08-19 17:57:41'),(1540,10,'Karla Morta',0,92,0,0,0,28,'2015-08-19 09:35:36','2015-08-19 17:57:41'),(1541,10,'Imee Olarte',0,91,0,0,0,28,'2015-08-19 09:35:45','2015-08-19 17:57:41'),(1542,10,'Rosan Macinas ',0,0,76,61,0,0,'2015-08-19 09:37:12','2015-08-19 17:57:41'),(1543,10,'Johnel Balaoro',0,0,76,61,0,0,'2015-08-19 09:37:24','2015-08-19 17:57:41'),(1544,10,'Josef Advincula',0,92,76,61,0,0,'2015-08-19 09:53:39','2015-08-19 17:57:41'),(1545,10,'Guia Alarkon',0,0,77,61,0,0,'2015-08-19 09:53:52','2015-08-19 17:57:41'),(1546,10,'Christopher Deocareza',0,0,76,61,0,0,'2015-08-19 09:54:04','2015-08-19 17:57:41'),(1547,4,'Rhea Benitez',0,0,76,61,0,0,'2015-08-19 12:53:57','2015-08-19 17:57:41'),(1548,4,'Richard Banta',0,0,76,61,0,0,'2015-08-19 12:55:34','2015-08-19 17:57:41'),(1549,4,'Mark Sevillano',0,0,76,61,0,0,'2015-08-19 12:55:45','2015-08-19 17:57:41'),(1550,4,'Daryl Joyce Lopez',0,0,0,61,0,0,'2015-08-19 12:59:35','2015-08-19 17:57:41'),(1551,4,'Mave Rick Villar',0,0,76,61,0,0,'2015-08-19 12:59:50','2015-08-19 17:57:41'),(1552,4,'Elmer Arana',0,0,76,61,0,0,'2015-08-19 13:06:25','2015-08-19 17:57:41'),(1553,9,'Mark',0,0,77,61,0,0,'2015-08-19 14:31:14','2015-08-19 17:57:41'),(1554,9,'Ramil Moral',0,0,0,61,0,0,'2015-08-19 14:31:29','2015-08-19 17:57:41'),(1555,10,'William Anonuevo',0,0,76,61,0,0,'2015-08-19 14:34:02','2015-08-19 17:57:41'),(1556,10,'Ismael Bilarma',0,0,76,61,0,0,'2015-08-19 14:34:14','2015-08-19 17:57:41'),(1557,10,'Leslie Gaveria',0,0,76,61,0,0,'2015-08-19 14:34:22','2015-08-19 17:57:41'),(1558,10,'Alexander Bellen',0,0,76,61,0,0,'2015-08-19 14:34:29','2015-08-19 17:57:41'),(1559,10,'Jonathan Placer',0,0,76,61,0,0,'2015-08-19 14:40:31','2015-08-19 17:57:41'),(1560,10,'Dexter Senier',0,0,76,61,0,0,'2015-08-19 14:40:44','2015-08-19 17:57:41'),(1561,10,'Ian Lleva',0,0,76,61,0,0,'2015-08-19 14:40:52','2015-08-19 17:57:41'),(1562,10,'Kristine Basbacio',0,0,76,0,0,28,'2015-08-19 14:41:06','2015-08-19 17:57:41'),(1563,10,'Amit',0,91,0,61,0,0,'2015-08-19 14:41:25','2015-08-19 17:57:41'),(1564,10,'Vicente Repolles',0,0,76,61,0,0,'2015-08-19 14:41:36','2015-08-19 17:57:41'),(1565,10,'Christian Marana',0,91,0,61,0,0,'2015-08-19 14:41:44','2015-08-19 17:57:41'),(1566,10,'Evan Dela Pena',0,0,77,61,0,0,'2015-08-19 14:41:52','2015-08-19 17:57:41'),(1567,9,'John Paul',0,0,77,61,0,0,'2015-08-19 14:44:51','2015-08-19 17:57:41'),(1568,10,'Mikee Encinas',0,0,76,61,0,0,'2015-08-19 14:47:22','2015-08-19 17:57:41'),(1569,10,'Quartz Cabalquinto',0,0,77,61,0,0,'2015-08-19 14:49:15','2015-08-19 17:57:41'),(1570,10,'Sherry Albaytar',0,0,77,61,0,0,'2015-08-19 14:49:26','2015-08-19 17:57:41'),(1571,10,'John Tenedero',0,0,77,61,0,0,'2015-08-19 14:50:09','2015-08-19 17:57:41'),(1572,10,'',0,0,0,0,45,29,'2015-08-19 16:36:57','2015-08-19 17:57:41'),(1573,9,'Marco Edward Calilao',0,0,76,61,0,0,'2015-08-19 16:38:28','2015-08-19 17:57:41'),(1574,8,'Alex Bartolata',0,92,77,0,0,0,'2015-08-19 16:44:26','2015-08-19 17:57:41'),(1575,8,'Jesabel Mangampo',0,91,76,0,0,0,'2015-08-19 16:44:57','2015-08-19 17:57:42'),(1576,8,'Jackson Bande',0,92,76,0,0,0,'2015-08-19 16:45:17','2015-08-19 17:57:42'),(1577,8,'Jason Llanera',0,92,76,0,0,0,'2015-08-19 16:45:41','2015-08-19 17:57:42'),(1578,8,'Ruben Bajaro',0,91,76,0,45,0,'2015-08-19 16:46:08','2015-08-19 17:57:42'),(1579,8,'Sharlon De Lumen',0,92,77,0,45,0,'2015-08-19 16:46:27','2015-08-19 17:57:42'),(1580,8,'Christian Menes',0,0,0,0,45,0,'2015-08-19 16:46:49','2015-08-19 17:57:42'),(1581,4,'Alex',0,0,0,0,45,0,'2015-08-19 16:55:16','2015-08-19 17:57:42'),(1582,4,'Johncis Belista',0,0,0,0,45,0,'2015-08-19 16:55:28','2015-08-19 17:57:42'),(1583,9,'',0,0,0,0,0,30,'2015-08-20 00:01:22','2015-08-20 00:02:08'),(1584,9,'',0,0,0,0,0,30,'2015-08-20 00:02:31','2015-08-20 18:04:20'),(1585,8,'Jesabel Mangampo',0,93,78,0,0,0,'2015-08-20 08:32:17','2015-08-20 18:04:20'),(1586,8,'Alex Bartolata',0,94,79,0,0,0,'2015-08-20 08:32:47','2015-08-20 18:04:20'),(1587,8,'Jason Llanera',0,93,79,0,0,0,'2015-08-20 08:36:39','2015-08-20 18:04:20'),(1588,8,'Jackson Bande',0,94,78,0,0,0,'2015-08-20 08:36:54','2015-08-20 18:04:20'),(1589,8,'Ruben Bajaro',0,93,78,0,46,0,'2015-08-20 08:37:19','2015-08-20 18:04:20'),(1590,8,'Sharlon De Lumen',0,93,78,0,46,0,'2015-08-20 08:37:33','2015-08-20 18:04:20'),(1591,8,'Christian Menes',0,0,0,0,46,0,'2015-08-20 08:37:43','2015-08-20 18:04:20'),(1592,7,'Regine Duncan',0,94,78,62,0,0,'2015-08-20 11:03:09','2015-08-20 18:04:20'),(1593,7,'Rey-an Llaguno',0,93,79,62,0,0,'2015-08-20 11:03:38','2015-08-20 18:04:20'),(1594,7,'Leny Rejuso',0,94,79,62,0,0,'2015-08-20 11:04:12','2015-08-20 18:04:20'),(1595,7,'Robert Duncan',0,93,78,62,0,0,'2015-08-20 11:06:20','2015-08-20 18:04:20'),(1596,7,'Marjorie Javellana',0,93,78,62,0,0,'2015-08-20 11:07:08','2015-08-20 18:04:20'),(1597,7,'Maylyn Loteyro',0,94,78,62,0,0,'2015-08-20 11:08:03','2015-08-20 18:04:20'),(1598,7,'Maria Jesusa Donna Nuyles',0,93,79,62,0,0,'2015-08-20 11:08:40','2015-08-20 18:04:20'),(1599,7,'Francisco Gonzales',0,93,0,0,46,31,'2015-08-20 11:09:48','2015-08-20 18:04:20'),(1600,7,'Ray Ian Ravis',0,93,0,0,46,30,'2015-08-20 11:10:37','2015-08-20 18:04:20'),(1601,7,'Ron John Villanueva',0,93,0,0,46,31,'2015-08-20 11:11:20','2015-08-20 18:04:20'),(1602,10,'Mike',0,0,0,0,0,0,'2015-08-20 11:20:37','2015-08-20 11:20:41'),(1603,10,'Mikee Encinas',0,0,78,62,0,0,'2015-08-20 11:20:50','2015-08-20 18:04:20'),(1604,10,'Sherry Albaytar',0,0,78,62,0,0,'2015-08-20 11:21:34','2015-08-20 18:04:20'),(1605,10,'Quartz Cabalquinto',0,0,79,62,0,0,'2015-08-20 11:21:43','2015-08-20 18:04:20'),(1606,10,'John Tenedero',0,0,79,62,0,0,'2015-08-20 11:21:52','2015-08-20 18:04:20'),(1607,10,'Ismael Bilarma',0,0,78,62,0,0,'2015-08-20 11:23:01','2015-08-20 18:04:20'),(1608,10,'Leslie Gaveria',0,0,78,62,0,0,'2015-08-20 11:23:11','2015-08-20 18:04:20'),(1609,10,'Alexander Bellen',0,0,79,62,0,0,'2015-08-20 11:23:23','2015-08-20 18:04:20'),(1610,10,'William Anonuevo',0,0,79,62,0,0,'2015-08-20 11:23:36','2015-08-20 18:04:20'),(1611,10,'Josef Advincula',0,93,78,62,0,0,'2015-08-20 11:24:58','2015-08-20 18:04:20'),(1612,10,'Christopher Deocareza',0,0,78,62,0,0,'2015-08-20 11:27:47','2015-08-20 18:04:20'),(1613,10,'Guia Alarkon',0,0,78,62,0,0,'2015-08-20 11:27:59','2015-08-20 18:04:20'),(1614,4,'Rhea Benitez',0,0,79,62,0,0,'2015-08-20 13:03:48','2015-08-20 18:04:20'),(1615,4,'Richard Banta',0,0,78,62,0,0,'2015-08-20 13:04:04','2015-08-20 18:04:20'),(1616,4,'Mark Sevillano',0,0,78,62,0,0,'2015-08-20 13:04:20','2015-08-20 18:04:20'),(1617,4,'Elmer Arana',0,0,78,62,0,0,'2015-08-20 13:05:04','2015-08-20 18:04:20'),(1618,4,'Alex',0,0,0,0,46,0,'2015-08-20 13:05:21','2015-08-20 18:04:20'),(1619,4,'Johncis Belista',0,0,0,0,46,0,'2015-08-20 13:05:30','2015-08-20 18:04:20'),(1620,4,'Mave Rick Villar',0,0,78,62,0,0,'2015-08-20 13:05:55','2015-08-20 18:04:20'),(1621,10,'Ian Lleva',0,0,79,62,0,0,'2015-08-20 13:19:24','2015-08-20 18:04:20'),(1622,10,'Evan Dela Pena',0,93,0,62,0,0,'2015-08-20 13:19:38','2015-08-20 18:04:20'),(1623,10,'Amit',0,93,0,62,0,0,'2015-08-20 13:19:57','2015-08-20 18:04:20'),(1624,10,'Jonathan Placer',0,0,78,62,0,0,'2015-08-20 13:20:28','2015-08-20 18:04:20'),(1625,10,'Dexter Senier',0,93,0,62,0,0,'2015-08-20 13:20:47','2015-08-20 18:04:20'),(1626,10,'Christian Marana',0,94,0,62,0,0,'2015-08-20 13:21:03','2015-08-20 18:04:20'),(1627,10,'Vicente Repolles',0,93,0,62,0,0,'2015-08-20 13:21:16','2015-08-20 18:04:20'),(1628,10,'Kristine Basbacio',0,0,79,62,0,0,'2015-08-20 13:22:05','2015-08-20 18:04:20'),(1629,4,'Daryl Joyce Lopez',0,0,78,62,0,0,'2015-08-20 13:46:59','2015-08-20 18:04:20'),(1630,10,'Karla Morta',1,95,0,0,0,32,'2015-08-21 10:22:38','2015-08-21 10:22:38'),(1631,10,'Imee Olarte',1,95,0,0,0,33,'2015-08-21 10:22:49','2015-08-21 10:22:49'),(1632,10,'Dexter Senier',1,95,0,63,0,0,'2015-08-21 10:26:06','2015-08-21 10:26:06'),(1633,4,'Elmer Arana',1,0,80,63,0,0,'2015-08-21 12:34:18','2015-08-21 12:34:18'),(1634,4,'Mave Rick Villar',1,0,81,0,0,0,'2015-08-21 12:34:44','2015-08-21 12:34:44'),(1635,10,'Jonathan Placer',1,0,80,63,0,0,'2015-08-21 12:52:15','2015-08-21 12:52:15'),(1636,10,'Ian Lleva',1,0,0,0,47,32,'2015-08-21 12:52:29','2015-08-21 12:52:29'),(1637,10,'Lea Ranoco',1,0,80,63,0,0,'2015-08-21 14:55:42','2015-08-21 14:55:42'),(1638,10,'Rosan Macinas ',1,0,80,63,0,0,'2015-08-21 14:56:14','2015-08-21 14:56:14'),(1639,10,'Mikee Encinas',1,95,81,63,0,0,'2015-08-21 14:58:12','2015-08-21 14:58:12'),(1640,10,'Quartz Cabalquinto',1,0,80,63,0,0,'2015-08-21 14:58:20','2015-08-21 14:58:20'),(1641,10,'Sherry Albaytar',1,98,81,63,0,0,'2015-08-21 14:58:34','2015-08-21 14:58:34'),(1642,10,'Carmela',1,0,0,0,47,33,'2015-08-21 15:43:24','2015-08-21 15:43:24');
/*!40000 ALTER TABLE `orders` ENABLE KEYS */;
UNLOCK TABLES;

--
-- Table structure for table `settings`
--

DROP TABLE IF EXISTS `settings`;
/*!40101 SET @saved_cs_client     = @@character_set_client */;
/*!40101 SET character_set_client = utf8 */;
CREATE TABLE `settings` (
  `id` int(11) NOT NULL AUTO_INCREMENT,
  `name` varchar(255) DEFAULT NULL,
  `value` varchar(255) NOT NULL,
  `created` datetime NOT NULL,
  `modified` datetime NOT NULL,
  PRIMARY KEY (`id`)
) ENGINE=InnoDB AUTO_INCREMENT=12 DEFAULT CHARSET=latin1;
/*!40101 SET character_set_client = @saved_cs_client */;

--
-- Dumping data for table `settings`
--

LOCK TABLES `settings` WRITE;
/*!40000 ALTER TABLE `settings` DISABLE KEYS */;
INSERT INTO `settings` VALUES (6,'Next Date','Saturday, 22 August 2015 ','2015-07-17 12:21:59','2015-08-20 18:04:41'),(7,'Breakfast','8:00 AM to 10:30 AM','2015-07-17 12:22:18','2015-07-20 21:15:08'),(8,'Lunch','12:00 NN to 2:00PM','2015-07-17 12:22:23','2015-07-27 17:15:52'),(9,'Snack','3:30 PM to 5:00PM','2015-07-17 12:22:39','2015-07-29 18:35:36'),(10,'Dinner','7:00 PM to 9:00PM','2015-07-17 12:22:48','2015-07-17 16:14:18'),(11,'MidnightSnack','9:00 PM','2015-08-02 18:32:15','2015-08-03 09:24:50');
/*!40000 ALTER TABLE `settings` ENABLE KEYS */;
UNLOCK TABLES;

--
-- Table structure for table `snacks`
--

DROP TABLE IF EXISTS `snacks`;
/*!40101 SET @saved_cs_client     = @@character_set_client */;
/*!40101 SET character_set_client = utf8 */;
CREATE TABLE `snacks` (
  `id` int(11) NOT NULL AUTO_INCREMENT,
  `menu_id` int(11) NOT NULL,
  `status` int(1) NOT NULL DEFAULT '1',
  `created` datetime NOT NULL,
  `modified` datetime NOT NULL,
  PRIMARY KEY (`id`)
) ENGINE=InnoDB AUTO_INCREMENT=64 DEFAULT CHARSET=latin1;
/*!40101 SET character_set_client = @saved_cs_client */;

--
-- Dumping data for table `snacks`
--

LOCK TABLES `snacks` WRITE;
/*!40000 ALTER TABLE `snacks` DISABLE KEYS */;
INSERT INTO `snacks` VALUES (63,59,1,'2015-08-20 18:24:13','2015-08-20 18:24:13');
/*!40000 ALTER TABLE `snacks` ENABLE KEYS */;
UNLOCK TABLES;

--
-- Table structure for table `users`
--

DROP TABLE IF EXISTS `users`;
/*!40101 SET @saved_cs_client     = @@character_set_client */;
/*!40101 SET character_set_client = utf8 */;
CREATE TABLE `users` (
  `id` int(11) NOT NULL AUTO_INCREMENT,
  `username` varchar(255) DEFAULT NULL,
  `password` varchar(255) DEFAULT NULL,
  `role` varchar(255) DEFAULT NULL,
  `text` varchar(50) NOT NULL,
  `created` datetime NOT NULL,
  `modified` datetime NOT NULL,
  PRIMARY KEY (`id`)
) ENGINE=InnoDB AUTO_INCREMENT=12 DEFAULT CHARSET=latin1;
/*!40101 SET character_set_client = @saved_cs_client */;

--
-- Dumping data for table `users`
--

LOCK TABLES `users` WRITE;
/*!40000 ALTER TABLE `users` DISABLE KEYS */;
INSERT INTO `users` VALUES (3,'admin','$2a$10$0c/uWdSk0sFuIcIqqy69xedDOAILvBk4RIobi9OVB2laLEXxi3LNy','admin','Super Admin','2015-06-19 08:31:21','2015-07-17 13:23:40'),(4,'creativegeek','$2a$10$BzCkUlj9iMXu45SI5l/LoeW3/JQ8PZlWfdDC3/xl1vEUlIg3odT0y','companyadmin','CreativeGeek','2015-07-11 10:50:24','2015-08-03 21:52:22'),(5,'canteenadmin','$2a$10$6j7mlx64r2zeljkABSM2P.qHnHOAfdEabITqN8Mmq5V4SGvP.64Fi','canteenadmin','Canteen','2015-07-11 10:51:56','2015-07-15 17:02:15'),(6,'wylog','$2a$10$Mqnw3L8slgM6t.mtxXxl0.o8/scqE83BZ.nHOIU5AEXQb6PF8gaHK','companyadmin','WyLog','2015-07-11 17:27:06','2015-07-16 17:53:25'),(7,'synergiabpo','$2a$10$ACkA1pbfZ3oynGCSXDvIZOykVVI6U/dfNJ0hrBxI3I2Dy7r4f336O','companyadmin','Synergia BPO','2015-07-15 04:45:18','2015-07-15 10:22:34'),(8,'redlanch','$2a$10$FlIv0u73Z5tnv4Zk3AlFVO/51wuW.qvBQYn6sUl2g.MVNqVzxVvbq','companyadmin','Redlanch Admin','2015-07-15 16:45:55','2015-07-15 17:16:10'),(9,'bserv','$2a$10$7bqdwOyNa5ihvmLjuRYaI.03BWY6FSYkRU9YggCp86MWmQBE1LKa2','companyadmin','BureauServ','2015-07-15 16:48:22','2015-07-17 08:36:05'),(10,'greymouse','$2a$10$1/20z9ROWaqcO2C.7INYJ.ot0a58g7lUCO/Cf1LlBtoFBsLtvJRxW','companyadmin','Greymouse','2015-07-17 08:06:02','2015-07-20 13:41:56'),(11,'adocanteen','$2a$10$VuB5rrGjqSk.MqoXEwWomusYKMekhHObT1woAbMzilh9ggMLKI74K','canteenadmin','Ado Test Canteen Admin','2015-07-17 13:15:42','2015-08-12 22:30:09');
/*!40000 ALTER TABLE `users` ENABLE KEYS */;
UNLOCK TABLES;
/*!40103 SET TIME_ZONE=@OLD_TIME_ZONE */;

/*!40101 SET SQL_MODE=@OLD_SQL_MODE */;
/*!40014 SET FOREIGN_KEY_CHECKS=@OLD_FOREIGN_KEY_CHECKS */;
/*!40014 SET UNIQUE_CHECKS=@OLD_UNIQUE_CHECKS */;
/*!40101 SET CHARACTER_SET_CLIENT=@OLD_CHARACTER_SET_CLIENT */;
/*!40101 SET CHARACTER_SET_RESULTS=@OLD_CHARACTER_SET_RESULTS */;
/*!40101 SET COLLATION_CONNECTION=@OLD_COLLATION_CONNECTION */;
/*!40111 SET SQL_NOTES=@OLD_SQL_NOTES */;

-- Dump completed on 2015-08-21  7:53:47
